Tanggal,Jam,Lintang,Bujur,Magnitude,Kedalaman,Wilayah,Dirasakan
23 Okt 2025,18:46:12 WIB,6.17 LS,131.08 BT,6.1,117 km,Pusat gempa berada di laut 192 km BaratDaya Maluku Tenggara,"II Sorong, III Kaimana, II Saumlaki"
23 Okt 2025,18:46:12 WIB,6.17 LS,131.08 BT,6.1,117 km,Pusat gempa berada di laut 192 km BaratDaya Maluku Tenggara,"II Sorong, III Kaimana, II Saumlaki"
23 Okt 2025,18:46:12 WIB,6.17 LS,131.08 BT,6.1,117 km,Pusat gempa berada di laut 192 km BaratDaya Maluku Tenggara,"II Sorong, III Kaimana, II Saumlaki"
23 Okt 2025,18:46:12 WIB,6.17 LS,131.08 BT,6.1,117 km,Pusat gempa berada di laut 192 km BaratDaya Maluku Tenggara,"II Sorong, III Kaimana, II Saumlaki"
23 Okt 2025,18:46:12 WIB,6.17 LS,131.08 BT,6.1,117 km,Pusat gempa berada di laut 192 km BaratDaya Maluku Tenggara,"II Sorong, III Kaimana, II Saumlaki"
23 Okt 2025,18:46:12 WIB,6.17 LS,131.08 BT,6.1,117 km,Pusat gempa berada di laut 192 km BaratDaya Maluku Tenggara,"II Sorong, III Kaimana, II Saumlaki"
23 Okt 2025,18:46:12 WIB,6.17 LS,131.08 BT,6.1,117 km,Pusat gempa berada di laut 192 km BaratDaya Maluku Tenggara,"II Sorong, III Kaimana, II Saumlaki"
23 Okt 2025,18:46:12 WIB,6.17 LS,131.08 BT,6.1,117 km,Pusat gempa berada di laut 192 km BaratDaya Maluku Tenggara,"II Sorong, III Kaimana, II Saumlaki"
23 Okt 2025,18:46:12 WIB,6.17 LS,131.08 BT,6.1,117 km,Pusat gempa berada di laut 192 km BaratDaya Maluku Tenggara,"II Sorong, III Kaimana, II Saumlaki"
23 Okt 2025,18:46:12 WIB,6.17 LS,131.08 BT,6.1,117 km,Pusat gempa berada di laut 192 km BaratDaya Maluku Tenggara,"II Sorong, III Kaimana, II Saumlaki"
23 Okt 2025,18:46:12 WIB,6.17 LS,131.08 BT,6.1,117 km,Pusat gempa berada di laut 192 km BaratDaya Maluku Tenggara,"II Sorong, III Kaimana, II Saumlaki"
23 Okt 2025,18:46:12 WIB,6.17 LS,131.08 BT,6.1,117 km,Pusat gempa berada di laut 192 km BaratDaya Maluku Tenggara,"II Sorong, III Kaimana, II Saumlaki"
23 Okt 2025,18:46:12 WIB,6.17 LS,131.08 BT,6.1,117 km,Pusat gempa berada di laut 192 km BaratDaya Maluku Tenggara,"II Sorong, III Kaimana, II Saumlaki"
23 Okt 2025,18:46:12 WIB,6.17 LS,131.08 BT,6.1,117 km,Pusat gempa berada di laut 192 km BaratDaya Maluku Tenggara,"II Sorong, III Kaimana, II Saumlaki"
23 Okt 2025,18:46:12 WIB,6.17 LS,131.08 BT,6.1,117 km,Pusat gempa berada di laut 192 km BaratDaya Maluku Tenggara,"II Sorong, III Kaimana, II Saumlaki"
23 Okt 2025,18:46:12 WIB,6.17 LS,131.08 BT,6.1,117 km,Pusat gempa berada di laut 192 km BaratDaya Maluku Tenggara,"II Sorong, III Kaimana, II Saumlaki"
23 Okt 2025,18:46:12 WIB,6.17 LS,131.08 BT,6.1,117 km,Pusat gempa berada di laut 192 km BaratDaya Maluku Tenggara,"II Sorong, III Kaimana, II Saumlaki"
23 Okt 2025,18:46:12 WIB,6.17 LS,131.08 BT,6.1,117 km,Pusat gempa berada di laut 192 km BaratDaya Maluku Tenggara,"II Sorong, III Kaimana, II Saumlaki"
23 Okt 2025,18:46:12 WIB,6.17 LS,131.08 BT,6.1,117 km,Pusat gempa berada di laut 192 km BaratDaya Maluku Tenggara,"II Sorong, III Kaimana, II Saumlaki"
23 Okt 2025,18:46:12 WIB,6.17 LS,131.08 BT,6.1,117 km,Pusat gempa berada di laut 192 km BaratDaya Maluku Tenggara,"II Sorong, III Kaimana, II Saumlaki"
23 Okt 2025,18:46:12 WIB,6.17 LS,131.08 BT,6.1,117 km,Pusat gempa berada di laut 192 km BaratDaya Maluku Tenggara,"II Sorong, III Kaimana, II Saumlaki"
24 Okt 2025,03:12:11 WIB,4.00 LS,121.96 BT,3.0,5 km,Pusat gempa berada di darat 4 km timur laut Kolaka Timur,III Kolaka Timur
24 Okt 2025,03:12:11 WIB,4.00 LS,121.96 BT,3.0,5 km,Pusat gempa berada di darat 4 km timur laut Kolaka Timur,III Kolaka Timur
24 Okt 2025,03:12:11 WIB,4.00 LS,121.96 BT,3.0,5 km,Pusat gempa berada di darat 4 km timur laut Kolaka Timur,III Kolaka Timur
24 Okt 2025,03:12:11 WIB,4.00 LS,121.96 BT,3.0,5 km,Pusat gempa berada di darat 4 km timur laut Kolaka Timur,III Kolaka Timur
24 Okt 2025,03:12:11 WIB,4.00 LS,121.96 BT,3.0,5 km,Pusat gempa berada di darat 4 km timur laut Kolaka Timur,III Kolaka Timur
24 Okt 2025,03:12:11 WIB,4.00 LS,121.96 BT,3.0,5 km,Pusat gempa berada di darat 4 km timur laut Kolaka Timur,III Kolaka Timur
24 Okt 2025,03:12:11 WIB,4.00 LS,121.96 BT,3.0,5 km,Pusat gempa berada di darat 4 km timur laut Kolaka Timur,III Kolaka Timur
24 Okt 2025,03:12:11 WIB,4.00 LS,121.96 BT,3.0,5 km,Pusat gempa berada di darat 4 km timur laut Kolaka Timur,III Kolaka Timur
24 Okt 2025,03:12:11 WIB,4.00 LS,121.96 BT,3.0,5 km,Pusat gempa berada di darat 4 km timur laut Kolaka Timur,III Kolaka Timur
24 Okt 2025,03:12:11 WIB,4.00 LS,121.96 BT,3.0,5 km,Pusat gempa berada di darat 4 km timur laut Kolaka Timur,III Kolaka Timur
24 Okt 2025,03:12:11 WIB,4.00 LS,121.96 BT,3.0,5 km,Pusat gempa berada di darat 4 km timur laut Kolaka Timur,III Kolaka Timur
24 Okt 2025,03:12:11 WIB,4.00 LS,121.96 BT,3.0,5 km,Pusat gempa berada di darat 4 km timur laut Kolaka Timur,III Kolaka Timur
24 Okt 2025,08:52:03 WIB,4.31 LS,122.39 BT,3.3,10 km,Pusat gempa berada di darat 9 km Barat Daya Konawe Selatan,"III Andoolo, III Palangga"
24 Okt 2025,08:52:03 WIB,4.31 LS,122.39 BT,3.3,10 km,Pusat gempa berada di darat 9 km Barat Daya Konawe Selatan,"III Andoolo, III Palangga"
24 Okt 2025,08:52:03 WIB,4.31 LS,122.39 BT,3.3,10 km,Pusat gempa berada di darat 9 km Barat Daya Konawe Selatan,"III Andoolo, III Palangga"
24 Okt 2025,08:52:03 WIB,4.31 LS,122.39 BT,3.3,10 km,Pusat gempa berada di darat 9 km Barat Daya Konawe Selatan,"III Andoolo, III Palangga"
24 Okt 2025,08:52:03 WIB,4.31 LS,122.39 BT,3.3,10 km,Pusat gempa berada di darat 9 km Barat Daya Konawe Selatan,"III Andoolo, III Palangga"
24 Okt 2025,11:46:36 WIB,9.03 LS,123.73 BT,5.3,108 km,67 km Tenggara LEMBATA-NTT,-
24 Okt 2025,11:46:36 WIB,9.03 LS,123.73 BT,5.3,108 km,Pusat gempa berada di laut 67 km Tenggara Lembata,"II Maumere, II Ende"
24 Okt 2025,11:46:36 WIB,9.03 LS,123.73 BT,5.3,108 km,Pusat gempa berada di laut 67 km Tenggara Lembata,"II Maumere, II Ende"
24 Okt 2025,11:46:36 WIB,9.03 LS,123.73 BT,5.3,108 km,Pusat gempa berada di laut 67 km Tenggara Lembata,"II Maumere, II Ende"
24 Okt 2025,11:46:36 WIB,9.03 LS,123.73 BT,5.3,108 km,Pusat gempa berada di laut 67 km Tenggara Lembata,"II Maumere, II Ende"
24 Okt 2025,11:46:36 WIB,9.03 LS,123.73 BT,5.3,108 km,Pusat gempa berada di laut 67 km Tenggara Lembata,"II Maumere, II Ende"
24 Okt 2025,11:46:36 WIB,9.03 LS,123.73 BT,5.3,108 km,Pusat gempa berada di laut 67 km Tenggara Lembata,"II Maumere, II Ende"
24 Okt 2025,11:46:36 WIB,9.03 LS,123.73 BT,5.3,108 km,Pusat gempa berada di laut 67 km Tenggara Lembata,"II Maumere, II Ende"
24 Okt 2025,11:46:36 WIB,9.03 LS,123.73 BT,5.3,108 km,Pusat gempa berada di laut 67 km Tenggara Lembata,"II Maumere, II Ende"
24 Okt 2025,11:46:36 WIB,9.03 LS,123.73 BT,5.3,108 km,Pusat gempa berada di laut 67 km Tenggara Lembata,"II Maumere, II Ende"
24 Okt 2025,11:46:36 WIB,9.03 LS,123.73 BT,5.3,108 km,Pusat gempa berada di laut 67 km Tenggara Lembata,"II Maumere, II Ende"
24 Okt 2025,11:46:36 WIB,9.03 LS,123.73 BT,5.3,108 km,Pusat gempa berada di laut 67 km Tenggara Lembata,"II Maumere, II Ende"
24 Okt 2025,11:46:36 WIB,9.03 LS,123.73 BT,5.3,108 km,Pusat gempa berada di laut 67 km Tenggara Lembata,"II Maumere, II Ende"
24 Okt 2025,11:46:36 WIB,9.03 LS,123.73 BT,5.3,108 km,Pusat gempa berada di laut 67 km Tenggara Lembata,"II Maumere, II Ende"
24 Okt 2025,11:46:36 WIB,9.03 LS,123.73 BT,5.3,108 km,Pusat gempa berada di laut 67 km Tenggara Lembata,"II Maumere, II Ende"
24 Okt 2025,11:46:36 WIB,9.03 LS,123.73 BT,5.3,108 km,Pusat gempa berada di laut 67 km Tenggara Lembata,"II Maumere, II Ende"
24 Okt 2025,11:46:36 WIB,9.03 LS,123.73 BT,5.3,108 km,Pusat gempa berada di laut 67 km Tenggara Lembata,"II Maumere, II Ende"
24 Okt 2025,11:46:36 WIB,9.03 LS,123.73 BT,5.3,108 km,Pusat gempa berada di laut 67 km Tenggara Lembata,"II Maumere, II Ende"
24 Okt 2025,11:46:36 WIB,9.03 LS,123.73 BT,5.3,108 km,Pusat gempa berada di laut 67 km Tenggara Lembata,"II Maumere, II Ende"
24 Okt 2025,11:46:36 WIB,9.03 LS,123.73 BT,5.3,108 km,Pusat gempa berada di laut 67 km Tenggara Lembata,"II Maumere, II Ende"
24 Okt 2025,11:46:36 WIB,9.03 LS,123.73 BT,5.3,108 km,Pusat gempa berada di laut 67 km Tenggara Lembata,"II Maumere, II Ende"
24 Okt 2025,11:46:36 WIB,9.03 LS,123.73 BT,5.3,108 km,Pusat gempa berada di laut 67 km Tenggara Lembata,"II Maumere, II Ende"
24 Okt 2025,11:46:36 WIB,9.03 LS,123.73 BT,5.3,108 km,Pusat gempa berada di laut 67 km Tenggara Lembata,"II Maumere, II Ende"
24 Okt 2025,11:46:36 WIB,9.03 LS,123.73 BT,5.3,108 km,Pusat gempa berada di laut 67 km Tenggara Lembata,"II Maumere, II Ende"
24 Okt 2025,11:46:36 WIB,9.03 LS,123.73 BT,5.3,108 km,Pusat gempa berada di laut 67 km Tenggara Lembata,"II Maumere, II Ende"
24 Okt 2025,11:46:36 WIB,9.03 LS,123.73 BT,5.3,108 km,Pusat gempa berada di laut 67 km Tenggara Lembata,"II Maumere, II Ende"
24 Okt 2025,11:46:36 WIB,9.03 LS,123.73 BT,5.3,108 km,Pusat gempa berada di laut 67 km Tenggara Lembata,"II Maumere, II Ende"
24 Okt 2025,11:46:36 WIB,9.03 LS,123.73 BT,5.3,108 km,Pusat gempa berada di laut 67 km Tenggara Lembata,"II Maumere, II Ende"
24 Okt 2025,11:46:36 WIB,9.03 LS,123.73 BT,5.3,108 km,Pusat gempa berada di laut 67 km Tenggara Lembata,"II Maumere, II Ende"
24 Okt 2025,11:46:36 WIB,9.03 LS,123.73 BT,5.3,108 km,Pusat gempa berada di laut 67 km Tenggara Lembata,"II Maumere, II Ende"
24 Okt 2025,11:46:36 WIB,9.03 LS,123.73 BT,5.3,108 km,Pusat gempa berada di laut 67 km Tenggara Lembata,"II Maumere, II Ende"
24 Okt 2025,11:46:36 WIB,9.03 LS,123.73 BT,5.3,108 km,Pusat gempa berada di laut 67 km Tenggara Lembata,"II Maumere, II Ende"
24 Okt 2025,11:46:36 WIB,9.03 LS,123.73 BT,5.3,108 km,Pusat gempa berada di laut 67 km Tenggara Lembata,"II Maumere, II Ende"
24 Okt 2025,11:46:36 WIB,9.03 LS,123.73 BT,5.3,108 km,Pusat gempa berada di laut 67 km Tenggara Lembata,"II Maumere, II Ende"
24 Okt 2025,11:46:36 WIB,9.03 LS,123.73 BT,5.3,108 km,Pusat gempa berada di laut 67 km Tenggara Lembata,"II Maumere, II Ende"
24 Okt 2025,11:46:36 WIB,9.03 LS,123.73 BT,5.3,108 km,Pusat gempa berada di laut 67 km Tenggara Lembata,"II Maumere, II Ende"
24 Okt 2025,11:46:36 WIB,9.03 LS,123.73 BT,5.3,108 km,Pusat gempa berada di laut 67 km Tenggara Lembata,"II Maumere, II Ende"
24 Okt 2025,11:46:36 WIB,9.03 LS,123.73 BT,5.3,108 km,Pusat gempa berada di laut 67 km Tenggara Lembata,"II Maumere, II Ende"
24 Okt 2025,11:46:36 WIB,9.03 LS,123.73 BT,5.3,108 km,Pusat gempa berada di laut 67 km Tenggara Lembata,"II Maumere, II Ende"
24 Okt 2025,11:46:36 WIB,9.03 LS,123.73 BT,5.3,108 km,Pusat gempa berada di laut 67 km Tenggara Lembata,"II Maumere, II Ende"
24 Okt 2025,11:46:36 WIB,9.03 LS,123.73 BT,5.3,108 km,Pusat gempa berada di laut 67 km Tenggara Lembata,"II Maumere, II Ende"
24 Okt 2025,11:46:36 WIB,9.03 LS,123.73 BT,5.3,108 km,Pusat gempa berada di laut 67 km Tenggara Lembata,"II Maumere, II Ende"
24 Okt 2025,11:46:36 WIB,9.03 LS,123.73 BT,5.3,108 km,Pusat gempa berada di laut 67 km Tenggara Lembata,"II Maumere, II Ende"
24 Okt 2025,11:46:36 WIB,9.03 LS,123.73 BT,5.3,108 km,Pusat gempa berada di laut 67 km Tenggara Lembata,"II Maumere, II Ende"
24 Okt 2025,11:46:36 WIB,9.03 LS,123.73 BT,5.3,108 km,Pusat gempa berada di laut 67 km Tenggara Lembata,"II Maumere, II Ende"
24 Okt 2025,11:46:36 WIB,9.03 LS,123.73 BT,5.3,108 km,Pusat gempa berada di laut 67 km Tenggara Lembata,"II Maumere, II Ende"
24 Okt 2025,11:46:36 WIB,9.03 LS,123.73 BT,5.3,108 km,Pusat gempa berada di laut 67 km Tenggara Lembata,"II Maumere, II Ende"
24 Okt 2025,11:46:36 WIB,9.03 LS,123.73 BT,5.3,108 km,Pusat gempa berada di laut 67 km Tenggara Lembata,"II Maumere, II Ende"
24 Okt 2025,11:46:36 WIB,9.03 LS,123.73 BT,5.3,108 km,Pusat gempa berada di laut 67 km Tenggara Lembata,"II Maumere, II Ende"
24 Okt 2025,11:46:36 WIB,9.03 LS,123.73 BT,5.3,108 km,Pusat gempa berada di laut 67 km Tenggara Lembata,"II Maumere, II Ende"
24 Okt 2025,11:46:36 WIB,9.03 LS,123.73 BT,5.3,108 km,Pusat gempa berada di laut 67 km Tenggara Lembata,"II Maumere, II Ende"
24 Okt 2025,11:46:36 WIB,9.03 LS,123.73 BT,5.3,108 km,Pusat gempa berada di laut 67 km Tenggara Lembata,"II Maumere, II Ende"
24 Okt 2025,11:46:36 WIB,9.03 LS,123.73 BT,5.3,108 km,Pusat gempa berada di laut 67 km Tenggara Lembata,"II Maumere, II Ende"
24 Okt 2025,11:46:36 WIB,9.03 LS,123.73 BT,5.3,108 km,Pusat gempa berada di laut 67 km Tenggara Lembata,"II Maumere, II Ende"
24 Okt 2025,11:46:36 WIB,9.03 LS,123.73 BT,5.3,108 km,Pusat gempa berada di laut 67 km Tenggara Lembata,"II Maumere, II Ende"
26 Okt 2025,10:59:17 WIB,2.08 LS,120.67 BT,4.5,5 km,Pusat gempa berada di darat 76 km barat daya Poso,"II Masamba, II-III Pamona"
26 Okt 2025,10:59:17 WIB,2.08 LS,120.67 BT,4.5,5 km,Pusat gempa berada di darat 76 km barat daya Poso,"II Masamba, II-III Pamona"
26 Okt 2025,10:59:17 WIB,2.08 LS,120.67 BT,4.5,5 km,Pusat gempa berada di darat 76 km barat daya Poso,"II Masamba, II-III Pamona"
25 Okt 2025,11:56:27 WIB,4.43 LU,96.51 BT,5.0,10 km,Pusat gempa berada di darat 29 km timur laut Kab. Nagan Raya,"III Nagan Raya, II-III Bener Meriah, II-III Aceh Tengah, II Aceh Selatan"
25 Okt 2025,11:56:27 WIB,4.42 LU,96.50 BT,5.0,10 km,Pusat gempa berada di darat 29 km timur laut Kab. Nagan Raya,"III Nagan Raya, II-III Bener Meriah, II-III Aceh Tengah, II Aceh Selatan"
25 Okt 2025,11:56:27 WIB,4.42 LU,96.50 BT,5.0,10 km,Pusat gempa berada di darat 29 km timur laut Kab. Nagan Raya,"III Nagan Raya, II-III Bener Meriah, II-III Aceh Tengah, III Aceh Selatan, III Aceh Utara"
25 Okt 2025,11:56:27 WIB,4.42 LU,96.50 BT,5.0,10 km,Pusat gempa berada di darat 29 km timur laut Kab. Nagan Raya,"III Nagan Raya, II-III Bener Meriah, II-III Aceh Tengah, III Aceh Selatan, III Aceh Utara"
25 Okt 2025,11:56:27 WIB,4.42 LU,96.50 BT,5.0,10 km,Pusat gempa berada di darat 29 km timur laut Kab. Nagan Raya,"III Nagan Raya, II-III Bener Meriah, II-III Aceh Tengah, III Aceh Selatan, III Aceh Utara"
25 Okt 2025,11:56:27 WIB,4.42 LU,96.50 BT,5.0,10 km,Pusat gempa berada di darat 29 km timur laut Kab. Nagan Raya,"III Nagan Raya, II-III Bener Meriah, II-III Aceh Tengah, III Aceh Selatan, III Aceh Utara"
25 Okt 2025,11:56:27 WIB,4.42 LU,96.50 BT,5.0,10 km,Pusat gempa berada di darat 29 km timur laut Kab. Nagan Raya,"III Nagan Raya, II-III Bener Meriah, II-III Aceh Tengah, III Aceh Selatan, III Aceh Utara"
25 Okt 2025,11:56:27 WIB,4.42 LU,96.50 BT,5.0,10 km,Pusat gempa berada di darat 29 km timur laut Kab. Nagan Raya,"III Nagan Raya, II-III Bener Meriah, II-III Aceh Tengah, III Aceh Selatan, III Aceh Utara"
25 Okt 2025,11:56:27 WIB,4.42 LU,96.50 BT,5.0,10 km,Pusat gempa berada di darat 29 km timur laut Kab. Nagan Raya,"III Nagan Raya, II-III Bener Meriah, II-III Aceh Tengah, III Aceh Selatan, III Aceh Utara"
25 Okt 2025,11:56:27 WIB,4.42 LU,96.50 BT,5.0,10 km,Pusat gempa berada di darat 29 km timur laut Kab. Nagan Raya,"III Nagan Raya, II-III Bener Meriah, II-III Aceh Tengah, III Aceh Selatan, III Aceh Utara"
25 Okt 2025,11:56:27 WIB,4.42 LU,96.50 BT,5.0,10 km,Pusat gempa berada di darat 29 km timur laut Kab. Nagan Raya,"III Nagan Raya, II-III Bener Meriah, II-III Aceh Tengah, III Aceh Selatan, III Aceh Utara"
25 Okt 2025,11:56:27 WIB,4.42 LU,96.50 BT,5.0,10 km,Pusat gempa berada di darat 29 km timur laut Kab. Nagan Raya,"III Nagan Raya, II-III Bener Meriah, II-III Aceh Tengah, III Aceh Selatan, III Aceh Utara"
25 Okt 2025,11:56:27 WIB,4.42 LU,96.50 BT,5.0,10 km,Pusat gempa berada di darat 29 km timur laut Kab. Nagan Raya,"III Nagan Raya, II-III Bener Meriah, II-III Aceh Tengah, III Aceh Selatan, III Aceh Utara"
25 Okt 2025,11:56:27 WIB,4.42 LU,96.50 BT,5.0,10 km,Pusat gempa berada di darat 29 km timur laut Kab. Nagan Raya,"III Nagan Raya, II-III Bener Meriah, II-III Aceh Tengah, III Aceh Selatan, III Aceh Utara"
25 Okt 2025,11:56:27 WIB,4.42 LU,96.50 BT,5.0,10 km,Pusat gempa berada di darat 29 km timur laut Kab. Nagan Raya,"III Nagan Raya, II-III Bener Meriah, II-III Aceh Tengah, III Aceh Selatan, III Aceh Utara"
25 Okt 2025,11:56:27 WIB,4.42 LU,96.50 BT,5.0,10 km,Pusat gempa berada di darat 29 km timur laut Kab. Nagan Raya,"III Nagan Raya, II-III Bener Meriah, II-III Aceh Tengah, III Aceh Selatan, III Aceh Utara"
25 Okt 2025,11:56:27 WIB,4.42 LU,96.50 BT,5.0,10 km,Pusat gempa berada di darat 29 km timur laut Kab. Nagan Raya,"III Nagan Raya, II-III Bener Meriah, II-III Aceh Tengah, III Aceh Selatan, III Aceh Utara"
25 Okt 2025,11:56:27 WIB,4.42 LU,96.50 BT,5.0,10 km,Pusat gempa berada di darat 29 km timur laut Kab. Nagan Raya,"III Nagan Raya, II-III Bener Meriah, II-III Aceh Tengah, III Aceh Selatan, III Aceh Utara"
25 Okt 2025,11:56:27 WIB,4.42 LU,96.50 BT,5.0,10 km,Pusat gempa berada di darat 29 km timur laut Kab. Nagan Raya,"III Nagan Raya, II-III Bener Meriah, II-III Aceh Tengah, III Aceh Selatan, III Aceh Utara"
25 Okt 2025,11:56:27 WIB,4.42 LU,96.50 BT,5.0,10 km,Pusat gempa berada di darat 29 km timur laut Kab. Nagan Raya,"III Nagan Raya, II-III Bener Meriah, II-III Aceh Tengah, III Aceh Selatan, III Aceh Utara"
25 Okt 2025,11:56:27 WIB,4.42 LU,96.50 BT,5.0,10 km,Pusat gempa berada di darat 29 km timur laut Kab. Nagan Raya,"III Nagan Raya, II-III Bener Meriah, II-III Aceh Tengah, III Aceh Selatan, III Aceh Utara"
25 Okt 2025,11:56:27 WIB,4.42 LU,96.50 BT,5.0,10 km,Pusat gempa berada di darat 29 km timur laut Kab. Nagan Raya,"III Nagan Raya, II-III Bener Meriah, II-III Aceh Tengah, III Aceh Selatan, III Aceh Utara"
25 Okt 2025,11:56:27 WIB,4.42 LU,96.50 BT,5.0,10 km,Pusat gempa berada di darat 29 km timur laut Kab. Nagan Raya,"III Nagan Raya, II-III Bener Meriah, II-III Aceh Tengah, III Aceh Selatan, III Aceh Utara"
25 Okt 2025,11:56:27 WIB,4.42 LU,96.50 BT,5.0,10 km,Pusat gempa berada di darat 29 km timur laut Kab. Nagan Raya,"III Nagan Raya, II-III Bener Meriah, II-III Aceh Tengah, III Aceh Selatan, III Aceh Utara"
25 Okt 2025,11:56:27 WIB,4.42 LU,96.50 BT,5.0,10 km,Pusat gempa berada di darat 29 km timur laut Kab. Nagan Raya,"III Nagan Raya, II-III Bener Meriah, II-III Aceh Tengah, III Aceh Selatan, III Aceh Utara"
25 Okt 2025,11:56:27 WIB,4.42 LU,96.50 BT,5.0,10 km,Pusat gempa berada di darat 29 km timur laut Kab. Nagan Raya,"III Nagan Raya, II-III Bener Meriah, II-III Aceh Tengah, III Aceh Selatan, III Aceh Utara"
25 Okt 2025,11:56:27 WIB,4.42 LU,96.50 BT,5.0,10 km,Pusat gempa berada di darat 29 km timur laut Kab. Nagan Raya,"III Nagan Raya, II-III Bener Meriah, II-III Aceh Tengah, III Aceh Selatan, III Aceh Utara"
25 Okt 2025,11:56:27 WIB,4.42 LU,96.50 BT,5.0,10 km,Pusat gempa berada di darat 29 km timur laut Kab. Nagan Raya,"III Nagan Raya, II-III Bener Meriah, II-III Aceh Tengah, III Aceh Selatan, III Aceh Utara"
25 Okt 2025,11:56:27 WIB,4.42 LU,96.50 BT,5.0,10 km,Pusat gempa berada di darat 29 km timur laut Kab. Nagan Raya,"III Nagan Raya, II-III Bener Meriah, II-III Aceh Tengah, III Aceh Selatan, III Aceh Utara"
25 Okt 2025,11:56:27 WIB,4.42 LU,96.50 BT,5.0,10 km,Pusat gempa berada di darat 29 km timur laut Kab. Nagan Raya,"III Nagan Raya, II-III Bener Meriah, II-III Aceh Tengah, III Aceh Selatan, III Aceh Utara"
25 Okt 2025,11:56:27 WIB,4.42 LU,96.50 BT,5.0,10 km,Pusat gempa berada di darat 29 km timur laut Kab. Nagan Raya,"III Nagan Raya, II-III Bener Meriah, II-III Aceh Tengah, III Aceh Selatan, III Aceh Utara"
25 Okt 2025,11:56:27 WIB,4.42 LU,96.50 BT,5.0,10 km,Pusat gempa berada di darat 29 km timur laut Kab. Nagan Raya,"III Nagan Raya, II-III Bener Meriah, II-III Aceh Tengah, III Aceh Selatan, III Aceh Utara"
25 Okt 2025,11:56:27 WIB,4.42 LU,96.50 BT,5.0,10 km,Pusat gempa berada di darat 29 km timur laut Kab. Nagan Raya,"III Nagan Raya, II-III Bener Meriah, II-III Aceh Tengah, III Aceh Selatan, III Aceh Utara"
25 Okt 2025,11:56:27 WIB,4.42 LU,96.50 BT,5.0,10 km,Pusat gempa berada di darat 29 km timur laut Kab. Nagan Raya,"III Nagan Raya, II-III Bener Meriah, II-III Aceh Tengah, III Aceh Selatan, III Aceh Utara"
25 Okt 2025,11:56:27 WIB,4.42 LU,96.50 BT,5.0,10 km,Pusat gempa berada di darat 29 km timur laut Kab. Nagan Raya,"III Nagan Raya, II-III Bener Meriah, II-III Aceh Tengah, III Aceh Selatan, III Aceh Utara"
25 Okt 2025,11:56:27 WIB,4.42 LU,96.50 BT,5.0,10 km,Pusat gempa berada di darat 29 km timur laut Kab. Nagan Raya,"III Nagan Raya, II-III Bener Meriah, II-III Aceh Tengah, III Aceh Selatan, III Aceh Utara"
25 Okt 2025,11:56:27 WIB,4.42 LU,96.50 BT,5.0,10 km,Pusat gempa berada di darat 29 km timur laut Kab. Nagan Raya,"III Nagan Raya, II-III Bener Meriah, II-III Aceh Tengah, III Aceh Selatan, III Aceh Utara"
25 Okt 2025,11:56:27 WIB,4.42 LU,96.50 BT,5.0,10 km,Pusat gempa berada di darat 29 km timur laut Kab. Nagan Raya,"III Nagan Raya, II-III Bener Meriah, II-III Aceh Tengah, III Aceh Selatan, III Aceh Utara"
25 Okt 2025,11:56:27 WIB,4.42 LU,96.50 BT,5.0,10 km,Pusat gempa berada di darat 29 km timur laut Kab. Nagan Raya,"III Nagan Raya, II-III Bener Meriah, II-III Aceh Tengah, III Aceh Selatan, III Aceh Utara"
25 Okt 2025,11:56:27 WIB,4.42 LU,96.50 BT,5.0,10 km,Pusat gempa berada di darat 29 km timur laut Kab. Nagan Raya,"III Nagan Raya, II-III Bener Meriah, II-III Aceh Tengah, III Aceh Selatan, III Aceh Utara"
25 Okt 2025,11:56:27 WIB,4.42 LU,96.50 BT,5.0,10 km,Pusat gempa berada di darat 29 km timur laut Kab. Nagan Raya,"III Nagan Raya, II-III Bener Meriah, II-III Aceh Tengah, III Aceh Selatan, III Aceh Utara"
25 Okt 2025,11:56:27 WIB,4.42 LU,96.50 BT,5.0,10 km,Pusat gempa berada di darat 29 km timur laut Kab. Nagan Raya,"III Nagan Raya, II-III Bener Meriah, II-III Aceh Tengah, III Aceh Selatan, III Aceh Utara"
25 Okt 2025,11:56:27 WIB,4.42 LU,96.50 BT,5.0,10 km,Pusat gempa berada di darat 29 km timur laut Kab. Nagan Raya,"III Nagan Raya, II-III Bener Meriah, II-III Aceh Tengah, III Aceh Selatan, III Aceh Utara"
25 Okt 2025,11:56:27 WIB,4.42 LU,96.50 BT,5.0,10 km,Pusat gempa berada di darat 29 km timur laut Kab. Nagan Raya,"III Nagan Raya, II-III Bener Meriah, II-III Aceh Tengah, III Aceh Selatan, III Aceh Utara"
25 Okt 2025,11:56:27 WIB,4.42 LU,96.50 BT,5.0,10 km,Pusat gempa berada di darat 29 km timur laut Kab. Nagan Raya,"III Nagan Raya, II-III Bener Meriah, II-III Aceh Tengah, III Aceh Selatan, III Aceh Utara"
25 Okt 2025,11:56:27 WIB,4.42 LU,96.50 BT,5.0,10 km,Pusat gempa berada di darat 29 km timur laut Kab. Nagan Raya,"III Nagan Raya, II-III Bener Meriah, II-III Aceh Tengah, III Aceh Selatan, III Aceh Utara"
25 Okt 2025,11:56:27 WIB,4.42 LU,96.50 BT,5.0,10 km,Pusat gempa berada di darat 29 km timur laut Kab. Nagan Raya,"III Nagan Raya, II-III Bener Meriah, II-III Aceh Tengah, III Aceh Selatan, III Aceh Utara"
25 Okt 2025,11:56:27 WIB,4.42 LU,96.50 BT,5.0,10 km,Pusat gempa berada di darat 29 km timur laut Kab. Nagan Raya,"III Nagan Raya, II-III Bener Meriah, II-III Aceh Tengah, III Aceh Selatan, III Aceh Utara"
25 Okt 2025,11:56:27 WIB,4.42 LU,96.50 BT,5.0,10 km,Pusat gempa berada di darat 29 km timur laut Kab. Nagan Raya,"III Nagan Raya, II-III Bener Meriah, II-III Aceh Tengah, III Aceh Selatan, III Aceh Utara"
25 Okt 2025,11:56:27 WIB,4.42 LU,96.50 BT,5.0,10 km,Pusat gempa berada di darat 29 km timur laut Kab. Nagan Raya,"III Nagan Raya, II-III Bener Meriah, II-III Aceh Tengah, III Aceh Selatan, III Aceh Utara"
25 Okt 2025,11:56:27 WIB,4.42 LU,96.50 BT,5.0,10 km,Pusat gempa berada di darat 29 km timur laut Kab. Nagan Raya,"III Nagan Raya, II-III Bener Meriah, II-III Aceh Tengah, III Aceh Selatan, III Aceh Utara"
25 Okt 2025,11:56:27 WIB,4.42 LU,96.50 BT,5.0,10 km,Pusat gempa berada di darat 29 km timur laut Kab. Nagan Raya,"III Nagan Raya, II-III Bener Meriah, II-III Aceh Tengah, III Aceh Selatan, III Aceh Utara"
25 Okt 2025,11:56:27 WIB,4.42 LU,96.50 BT,5.0,10 km,Pusat gempa berada di darat 29 km timur laut Kab. Nagan Raya,"III Nagan Raya, II-III Bener Meriah, II-III Aceh Tengah, III Aceh Selatan, III Aceh Utara"
25 Okt 2025,11:56:27 WIB,4.42 LU,96.50 BT,5.0,10 km,Pusat gempa berada di darat 29 km timur laut Kab. Nagan Raya,"III Nagan Raya, II-III Bener Meriah, II-III Aceh Tengah, III Aceh Selatan, III Aceh Utara"
25 Okt 2025,11:56:27 WIB,4.42 LU,96.50 BT,5.0,10 km,Pusat gempa berada di darat 29 km timur laut Kab. Nagan Raya,"III Nagan Raya, II-III Bener Meriah, II-III Aceh Tengah, III Aceh Selatan, III Aceh Utara"
25 Okt 2025,11:56:27 WIB,4.42 LU,96.50 BT,5.0,10 km,Pusat gempa berada di darat 29 km timur laut Kab. Nagan Raya,"III Nagan Raya, II-III Bener Meriah, II-III Aceh Tengah, III Aceh Selatan, III Aceh Utara"
25 Okt 2025,11:56:27 WIB,4.42 LU,96.50 BT,5.0,10 km,Pusat gempa berada di darat 29 km timur laut Kab. Nagan Raya,"III Nagan Raya, II-III Bener Meriah, II-III Aceh Tengah, III Aceh Selatan, III Aceh Utara"
25 Okt 2025,11:56:27 WIB,4.42 LU,96.50 BT,5.0,10 km,Pusat gempa berada di darat 29 km timur laut Kab. Nagan Raya,"III Nagan Raya, II-III Bener Meriah, II-III Aceh Tengah, III Aceh Selatan, III Aceh Utara"
25 Okt 2025,11:56:27 WIB,4.42 LU,96.50 BT,5.0,10 km,Pusat gempa berada di darat 29 km timur laut Kab. Nagan Raya,"III Nagan Raya, II-III Bener Meriah, II-III Aceh Tengah, III Aceh Selatan, III Aceh Utara"
25 Okt 2025,11:56:27 WIB,4.42 LU,96.50 BT,5.0,10 km,Pusat gempa berada di darat 29 km timur laut Kab. Nagan Raya,"III Nagan Raya, II-III Bener Meriah, II-III Aceh Tengah, III Aceh Selatan, III Aceh Utara"
25 Okt 2025,11:56:27 WIB,4.42 LU,96.50 BT,5.0,10 km,Pusat gempa berada di darat 29 km timur laut Kab. Nagan Raya,"III Nagan Raya, II-III Bener Meriah, II-III Aceh Tengah, III Aceh Selatan, III Aceh Utara"
25 Okt 2025,11:56:27 WIB,4.42 LU,96.50 BT,5.0,10 km,Pusat gempa berada di darat 29 km timur laut Kab. Nagan Raya,"III Nagan Raya, II-III Bener Meriah, II-III Aceh Tengah, III Aceh Selatan, III Aceh Utara"
25 Okt 2025,11:56:27 WIB,4.42 LU,96.50 BT,5.0,10 km,Pusat gempa berada di darat 29 km timur laut Kab. Nagan Raya,"III Nagan Raya, II-III Bener Meriah, II-III Aceh Tengah, III Aceh Selatan, III Aceh Utara"
25 Okt 2025,11:56:27 WIB,4.42 LU,96.50 BT,5.0,10 km,Pusat gempa berada di darat 29 km timur laut Kab. Nagan Raya,"III Nagan Raya, II-III Bener Meriah, II-III Aceh Tengah, III Aceh Selatan, III Aceh Utara"
25 Okt 2025,11:56:27 WIB,4.42 LU,96.50 BT,5.0,10 km,Pusat gempa berada di darat 29 km timur laut Kab. Nagan Raya,"III Nagan Raya, II-III Bener Meriah, II-III Aceh Tengah, III Aceh Selatan, III Aceh Utara"
25 Okt 2025,11:56:27 WIB,4.42 LU,96.50 BT,5.0,10 km,Pusat gempa berada di darat 29 km timur laut Kab. Nagan Raya,"III Nagan Raya, II-III Bener Meriah, II-III Aceh Tengah, III Aceh Selatan, III Aceh Utara"
25 Okt 2025,11:56:27 WIB,4.42 LU,96.50 BT,5.0,10 km,Pusat gempa berada di darat 29 km timur laut Kab. Nagan Raya,"III Nagan Raya, II-III Bener Meriah, II-III Aceh Tengah, III Aceh Selatan, III Aceh Utara"
25 Okt 2025,11:56:27 WIB,4.42 LU,96.50 BT,5.0,10 km,Pusat gempa berada di darat 29 km timur laut Kab. Nagan Raya,"III Nagan Raya, II-III Bener Meriah, II-III Aceh Tengah, III Aceh Selatan, III Aceh Utara"
25 Okt 2025,11:56:27 WIB,4.42 LU,96.50 BT,5.0,10 km,Pusat gempa berada di darat 29 km timur laut Kab. Nagan Raya,"III Nagan Raya, II-III Bener Meriah, II-III Aceh Tengah, III Aceh Selatan, III Aceh Utara"
25 Okt 2025,11:56:27 WIB,4.42 LU,96.50 BT,5.0,10 km,Pusat gempa berada di darat 29 km timur laut Kab. Nagan Raya,"III Nagan Raya, II-III Bener Meriah, II-III Aceh Tengah, III Aceh Selatan, III Aceh Utara"
25 Okt 2025,11:56:27 WIB,4.42 LU,96.50 BT,5.0,10 km,Pusat gempa berada di darat 29 km timur laut Kab. Nagan Raya,"III Nagan Raya, II-III Bener Meriah, II-III Aceh Tengah, III Aceh Selatan, III Aceh Utara"
25 Okt 2025,11:56:27 WIB,4.42 LU,96.50 BT,5.0,10 km,Pusat gempa berada di darat 29 km timur laut Kab. Nagan Raya,"III Nagan Raya, II-III Bener Meriah, II-III Aceh Tengah, III Aceh Selatan, III Aceh Utara"
25 Okt 2025,11:56:27 WIB,4.42 LU,96.50 BT,5.0,10 km,Pusat gempa berada di darat 29 km timur laut Kab. Nagan Raya,"III Nagan Raya, II-III Bener Meriah, II-III Aceh Tengah, III Aceh Selatan, III Aceh Utara"
25 Okt 2025,11:56:27 WIB,4.42 LU,96.50 BT,5.0,10 km,Pusat gempa berada di darat 29 km timur laut Kab. Nagan Raya,"III Nagan Raya, II-III Bener Meriah, II-III Aceh Tengah, III Aceh Selatan, III Aceh Utara"
25 Okt 2025,11:56:27 WIB,4.42 LU,96.50 BT,5.0,10 km,Pusat gempa berada di darat 29 km timur laut Kab. Nagan Raya,"III Nagan Raya, II-III Bener Meriah, II-III Aceh Tengah, III Aceh Selatan, III Aceh Utara"
25 Okt 2025,11:56:27 WIB,4.42 LU,96.50 BT,5.0,10 km,Pusat gempa berada di darat 29 km timur laut Kab. Nagan Raya,"III Nagan Raya, II-III Bener Meriah, II-III Aceh Tengah, III Aceh Selatan, III Aceh Utara"
25 Okt 2025,11:56:27 WIB,4.42 LU,96.50 BT,5.0,10 km,Pusat gempa berada di darat 29 km timur laut Kab. Nagan Raya,"III Nagan Raya, II-III Bener Meriah, II-III Aceh Tengah, III Aceh Selatan, III Aceh Utara"
25 Okt 2025,11:56:27 WIB,4.42 LU,96.50 BT,5.0,10 km,Pusat gempa berada di darat 29 km timur laut Kab. Nagan Raya,"III Nagan Raya, II-III Bener Meriah, II-III Aceh Tengah, III Aceh Selatan, III Aceh Utara"
25 Okt 2025,11:56:27 WIB,4.42 LU,96.50 BT,5.0,10 km,Pusat gempa berada di darat 29 km timur laut Kab. Nagan Raya,"III Nagan Raya, II-III Bener Meriah, II-III Aceh Tengah, III Aceh Selatan, III Aceh Utara"
25 Okt 2025,11:56:27 WIB,4.42 LU,96.50 BT,5.0,10 km,Pusat gempa berada di darat 29 km timur laut Kab. Nagan Raya,"III Nagan Raya, II-III Bener Meriah, II-III Aceh Tengah, III Aceh Selatan, III Aceh Utara"
25 Okt 2025,11:56:27 WIB,4.42 LU,96.50 BT,5.0,10 km,Pusat gempa berada di darat 29 km timur laut Kab. Nagan Raya,"III Nagan Raya, II-III Bener Meriah, II-III Aceh Tengah, III Aceh Selatan, III Aceh Utara"
25 Okt 2025,11:56:27 WIB,4.42 LU,96.50 BT,5.0,10 km,Pusat gempa berada di darat 29 km timur laut Kab. Nagan Raya,"III Nagan Raya, II-III Bener Meriah, II-III Aceh Tengah, III Aceh Selatan, III Aceh Utara"
25 Okt 2025,11:56:27 WIB,4.42 LU,96.50 BT,5.0,10 km,Pusat gempa berada di darat 29 km timur laut Kab. Nagan Raya,"III Nagan Raya, II-III Bener Meriah, II-III Aceh Tengah, III Aceh Selatan, III Aceh Utara"
25 Okt 2025,11:56:27 WIB,4.42 LU,96.50 BT,5.0,10 km,Pusat gempa berada di darat 29 km timur laut Kab. Nagan Raya,"III Nagan Raya, II-III Bener Meriah, II-III Aceh Tengah, III Aceh Selatan, III Aceh Utara"
25 Okt 2025,11:56:27 WIB,4.42 LU,96.50 BT,5.0,10 km,Pusat gempa berada di darat 29 km timur laut Kab. Nagan Raya,"III Nagan Raya, II-III Bener Meriah, II-III Aceh Tengah, III Aceh Selatan, III Aceh Utara"
25 Okt 2025,11:56:27 WIB,4.42 LU,96.50 BT,5.0,10 km,Pusat gempa berada di darat 29 km timur laut Kab. Nagan Raya,"III Nagan Raya, II-III Bener Meriah, II-III Aceh Tengah, III Aceh Selatan, III Aceh Utara"
25 Okt 2025,11:56:27 WIB,4.42 LU,96.50 BT,5.0,10 km,Pusat gempa berada di darat 29 km timur laut Kab. Nagan Raya,"III Nagan Raya, II-III Bener Meriah, II-III Aceh Tengah, III Aceh Selatan, III Aceh Utara"
25 Okt 2025,11:56:27 WIB,4.42 LU,96.50 BT,5.0,10 km,Pusat gempa berada di darat 29 km timur laut Kab. Nagan Raya,"III Nagan Raya, II-III Bener Meriah, II-III Aceh Tengah, III Aceh Selatan, III Aceh Utara"
25 Okt 2025,11:56:27 WIB,4.42 LU,96.50 BT,5.0,10 km,Pusat gempa berada di darat 29 km timur laut Kab. Nagan Raya,"III Nagan Raya, II-III Bener Meriah, II-III Aceh Tengah, III Aceh Selatan, III Aceh Utara"
25 Okt 2025,11:56:27 WIB,4.42 LU,96.50 BT,5.0,10 km,Pusat gempa berada di darat 29 km timur laut Kab. Nagan Raya,"III Nagan Raya, II-III Bener Meriah, II-III Aceh Tengah, III Aceh Selatan, III Aceh Utara"
25 Okt 2025,11:56:27 WIB,4.42 LU,96.50 BT,5.0,10 km,Pusat gempa berada di darat 29 km timur laut Kab. Nagan Raya,"III Nagan Raya, II-III Bener Meriah, II-III Aceh Tengah, III Aceh Selatan, III Aceh Utara"
25 Okt 2025,11:56:27 WIB,4.42 LU,96.50 BT,5.0,10 km,Pusat gempa berada di darat 29 km timur laut Kab. Nagan Raya,"III Nagan Raya, II-III Bener Meriah, II-III Aceh Tengah, III Aceh Selatan, III Aceh Utara"
25 Okt 2025,11:56:27 WIB,4.42 LU,96.50 BT,5.0,10 km,Pusat gempa berada di darat 29 km timur laut Kab. Nagan Raya,"III Nagan Raya, II-III Bener Meriah, II-III Aceh Tengah, III Aceh Selatan, III Aceh Utara"
25 Okt 2025,11:56:27 WIB,4.42 LU,96.50 BT,5.0,10 km,Pusat gempa berada di darat 29 km timur laut Kab. Nagan Raya,"III Nagan Raya, II-III Bener Meriah, II-III Aceh Tengah, III Aceh Selatan, III Aceh Utara"
25 Okt 2025,11:56:27 WIB,4.42 LU,96.50 BT,5.0,10 km,Pusat gempa berada di darat 29 km timur laut Kab. Nagan Raya,"III Nagan Raya, II-III Bener Meriah, II-III Aceh Tengah, III Aceh Selatan, III Aceh Utara"
25 Okt 2025,11:56:27 WIB,4.42 LU,96.50 BT,5.0,10 km,Pusat gempa berada di darat 29 km timur laut Kab. Nagan Raya,"III Nagan Raya, II-III Bener Meriah, II-III Aceh Tengah, III Aceh Selatan, III Aceh Utara"
25 Okt 2025,11:56:27 WIB,4.42 LU,96.50 BT,5.0,10 km,Pusat gempa berada di darat 29 km timur laut Kab. Nagan Raya,"III Nagan Raya, II-III Bener Meriah, II-III Aceh Tengah, III Aceh Selatan, III Aceh Utara"
27 Okt 2025,00:04:28 WIB,9.06 LS,123.97 BT,6.3,75 km,82 km BaratLaut TIMORTENGAHUT-NTT,-
27 Okt 2025,00:04:28 WIB,9.06 LS,123.97 BT,6.3,75 km,Pusat gempa berada di laut 82 km barat laut Timor Tengah Utara,"III-IV Maumere, III-IV Ende, III-IV Kefamenanu, III-IV Kupang, III-IV Waingapu, III-IV Lembata"
27 Okt 2025,00:04:28 WIB,9.06 LS,123.97 BT,6.3,75 km,Pusat gempa berada di laut 82 km barat laut Timor Tengah Utara,"III-IV Maumere, III-IV Ende, III-IV Kefamenanu, III-IV Kupang, III-IV Waingapu, III-IV Lembata"
27 Okt 2025,00:04:28 WIB,9.06 LS,123.97 BT,6.3,75 km,Pusat gempa berada di laut 82 km barat laut Timor Tengah Utara,"III-IV Maumere, III-IV Ende, III-IV Kefamenanu, III-IV Kupang, III-IV Waingapu, III-IV Lembata, III-IV Alor, III-IV Larantuka, III-IV Niki Niki"
27 Okt 2025,00:04:28 WIB,9.06 LS,123.97 BT,6.3,75 km,Pusat gempa berada di laut 82 km barat laut Timor Tengah Utara,"III-IV Maumere, III-IV Ende, III-IV Kefamenanu, III-IV Kupang, III-IV Waingapu, III-IV Lembata, III-IV Alor, III-IV Larantuka, III-IV Niki Niki"
27 Okt 2025,00:04:28 WIB,9.06 LS,123.97 BT,6.3,75 km,Pusat gempa berada di laut 82 km barat laut Timor Tengah Utara,"III-IV Maumere, III-IV Ende, III-IV Kefamenanu, III-IV Kupang, III-IV Waingapu, III-IV Lembata, III-IV Alor, III-IV Larantuka, III-IV Niki Niki"
27 Okt 2025,00:04:28 WIB,9.06 LS,123.97 BT,6.3,75 km,Pusat gempa berada di laut 82 km barat laut Timor Tengah Utara,"III-IV Maumere, III-IV Ende, III-IV Kefamenanu, III-IV Kupang, III-IV Waingapu, III-IV Lembata, III-IV Alor, III-IV Larantuka, III-IV Niki Niki"
27 Okt 2025,00:04:28 WIB,9.06 LS,123.97 BT,6.3,75 km,Pusat gempa berada di laut 82 km barat laut Timor Tengah Utara,"III-IV Maumere, III-IV Ende, III-IV Kefamenanu, III-IV Kupang, III-IV Waingapu, III-IV Lembata, III-IV Alor, III-IV Larantuka, III-IV Niki Niki"
27 Okt 2025,00:04:28 WIB,9.06 LS,123.97 BT,6.3,75 km,Pusat gempa berada di laut 82 km barat laut Timor Tengah Utara,"III-IV Maumere, III-IV Ende, III-IV Kefamenanu, III-IV Kupang, III-IV Waingapu, III-IV Lembata, III-IV Alor, III-IV Larantuka, III-IV Niki Niki"
27 Okt 2025,00:04:28 WIB,9.06 LS,123.97 BT,6.3,75 km,Pusat gempa berada di laut 82 km barat laut Timor Tengah Utara,"III-IV Maumere, III-IV Ende, III-IV Kefamenanu, III-IV Kupang, III-IV Waingapu, III-IV Lembata, III-IV Alor, III-IV Larantuka, III-IV Niki Niki"
27 Okt 2025,00:04:28 WIB,9.06 LS,123.97 BT,6.3,75 km,Pusat gempa berada di laut 82 km barat laut Timor Tengah Utara,"III-IV Maumere, III-IV Ende, III-IV Kefamenanu, III-IV Kupang, III-IV Waingapu, III-IV Lembata, III-IV Alor, III-IV Larantuka, III-IV Niki Niki"
27 Okt 2025,00:04:28 WIB,9.06 LS,123.97 BT,6.3,75 km,Pusat gempa berada di laut 82 km barat laut Timor Tengah Utara,"III-IV Maumere, III-IV Ende, III-IV Kefamenanu, III-IV Kupang, III-IV Waingapu, III-IV Lembata, III-IV Alor, III-IV Larantuka, III-IV Niki Niki"
27 Okt 2025,00:04:28 WIB,9.06 LS,123.97 BT,6.3,75 km,Pusat gempa berada di laut 82 km barat laut Timor Tengah Utara,"III-IV Maumere, III-IV Ende, III-IV Kefamenanu, III-IV Kupang, III-IV Waingapu, III-IV Lembata, III-IV Alor, III-IV Larantuka, III-IV Niki Niki"
27 Okt 2025,00:04:28 WIB,9.06 LS,123.97 BT,6.3,75 km,Pusat gempa berada di laut 82 km barat laut Timor Tengah Utara,"III-IV Maumere, III-IV Ende, III-IV Kefamenanu, III-IV Kupang, III-IV Waingapu, III-IV Lembata, III-IV Alor, III-IV Larantuka, III-IV Niki Niki"
27 Okt 2025,00:04:28 WIB,9.06 LS,123.97 BT,6.3,75 km,Pusat gempa berada di laut 82 km barat laut Timor Tengah Utara,"III-IV Maumere, III-IV Ende, III-IV Kefamenanu, III-IV Kupang, III-IV Waingapu, III-IV Lembata, III-IV Alor, III-IV Larantuka, III-IV Niki Niki"
27 Okt 2025,00:04:28 WIB,9.06 LS,123.97 BT,6.3,75 km,Pusat gempa berada di laut 82 km barat laut Timor Tengah Utara,"III-IV Maumere, III-IV Ende, III-IV Kefamenanu, III-IV Kupang, III-IV Waingapu, III-IV Lembata, III-IV Alor, III-IV Larantuka, III-IV Niki Niki"
27 Okt 2025,00:04:28 WIB,9.06 LS,123.97 BT,6.3,75 km,Pusat gempa berada di laut 82 km barat laut Timor Tengah Utara,"III-IV Maumere, III-IV Ende, III-IV Kefamenanu, III-IV Kupang, III-IV Waingapu, III-IV Lembata, III-IV Alor, III-IV Larantuka, III-IV Niki Niki"
27 Okt 2025,00:04:28 WIB,9.06 LS,123.97 BT,6.3,75 km,Pusat gempa berada di laut 82 km barat laut Timor Tengah Utara,"III-IV Maumere, III-IV Ende, III-IV Kefamenanu, III-IV Kupang, III-IV Waingapu, III-IV Lembata, III-IV Alor, III-IV Larantuka, III-IV Niki Niki"
27 Okt 2025,00:04:28 WIB,9.06 LS,123.97 BT,6.3,75 km,Pusat gempa berada di laut 82 km barat laut Timor Tengah Utara,"III-IV Maumere, III-IV Ende, III-IV Kefamenanu, III-IV Kupang, III-IV Waingapu, III-IV Lembata, III-IV Alor, III-IV Larantuka, III-IV Niki Niki"
27 Okt 2025,00:04:28 WIB,9.06 LS,123.97 BT,6.3,75 km,Pusat gempa berada di laut 82 km barat laut Timor Tengah Utara,"III-IV Maumere, III-IV Ende, III-IV Kefamenanu, III-IV Kupang, III-IV Waingapu, III-IV Lembata, III-IV Alor, III-IV Larantuka, III-IV Niki Niki"
27 Okt 2025,00:04:28 WIB,9.06 LS,123.97 BT,6.3,75 km,Pusat gempa berada di laut 82 km barat laut Timor Tengah Utara,"III-IV Maumere, III-IV Ende, III-IV Kefamenanu, III-IV Kupang, III-IV Waingapu, III-IV Lembata, III-IV Alor, III-IV Larantuka, III-IV Niki Niki"
27 Okt 2025,00:04:28 WIB,9.06 LS,123.97 BT,6.3,75 km,Pusat gempa berada di laut 82 km barat laut Timor Tengah Utara,"III-IV Maumere, III-IV Ende, III-IV Kefamenanu, III-IV Kupang, III-IV Waingapu, III-IV Lembata, III-IV Alor, III-IV Larantuka, III-IV Niki Niki"
27 Okt 2025,00:04:28 WIB,9.06 LS,123.97 BT,6.3,75 km,Pusat gempa berada di laut 82 km barat laut Timor Tengah Utara,"III-IV Maumere, III-IV Ende, III-IV Kefamenanu, III-IV Kupang, III-IV Waingapu, III-IV Lembata, III-IV Alor, III-IV Larantuka, III-IV Niki Niki"
27 Okt 2025,00:04:28 WIB,9.06 LS,123.97 BT,6.3,75 km,Pusat gempa berada di laut 82 km barat laut Timor Tengah Utara,"III-IV Maumere, III-IV Ende, III-IV Kefamenanu, III-IV Kupang, III-IV Waingapu, III-IV Lembata, III-IV Alor, III-IV Larantuka, III-IV Niki Niki"
27 Okt 2025,00:04:28 WIB,9.06 LS,123.97 BT,6.3,75 km,Pusat gempa berada di laut 82 km barat laut Timor Tengah Utara,"III-IV Maumere, III-IV Ende, III-IV Kefamenanu, III-IV Kupang, III-IV Waingapu, III-IV Lembata, III-IV Alor, III-IV Larantuka, III-IV Niki Niki"
27 Okt 2025,00:04:28 WIB,9.06 LS,123.97 BT,6.3,75 km,Pusat gempa berada di laut 82 km barat laut Timor Tengah Utara,"III-IV Maumere, III-IV Ende, III-IV Kefamenanu, III-IV Kupang, III-IV Waingapu, III-IV Lembata, III-IV Alor, III-IV Larantuka, III-IV Niki Niki"
27 Okt 2025,00:04:28 WIB,9.06 LS,123.97 BT,6.3,75 km,Pusat gempa berada di laut 82 km barat laut Timor Tengah Utara,"III-IV Maumere, III-IV Ende, III-IV Kefamenanu, III-IV Kupang, III-IV Waingapu, III-IV Lembata, III-IV Alor, III-IV Larantuka, III-IV Niki Niki"
27 Okt 2025,00:04:28 WIB,9.06 LS,123.97 BT,6.3,75 km,Pusat gempa berada di laut 82 km barat laut Timor Tengah Utara,"III-IV Maumere, III-IV Ende, III-IV Kefamenanu, III-IV Kupang, III-IV Waingapu, III-IV Lembata, III-IV Alor, III-IV Larantuka, III-IV Niki Niki"
27 Okt 2025,00:04:28 WIB,9.06 LS,123.97 BT,6.3,75 km,Pusat gempa berada di laut 82 km barat laut Timor Tengah Utara,"III-IV Maumere, III-IV Ende, III-IV Kefamenanu, III-IV Kupang, III-IV Waingapu, III-IV Lembata, III-IV Alor, III-IV Larantuka, III-IV Niki Niki"
27 Okt 2025,00:04:28 WIB,9.06 LS,123.97 BT,6.3,75 km,Pusat gempa berada di laut 82 km barat laut Timor Tengah Utara,"III-IV Maumere, III-IV Ende, III-IV Kefamenanu, III-IV Kupang, III-IV Waingapu, III-IV Lembata, III-IV Alor, III-IV Larantuka, III-IV Niki Niki"
27 Okt 2025,00:04:28 WIB,9.06 LS,123.97 BT,6.3,75 km,Pusat gempa berada di laut 82 km barat laut Timor Tengah Utara,"III-IV Maumere, III-IV Ende, III-IV Kefamenanu, III-IV Kupang, III-IV Waingapu, III-IV Lembata, III-IV Alor, III-IV Larantuka, III-IV Niki Niki"
27 Okt 2025,00:04:28 WIB,9.06 LS,123.97 BT,6.3,75 km,Pusat gempa berada di laut 82 km barat laut Timor Tengah Utara,"III-IV Maumere, III-IV Ende, III-IV Kefamenanu, III-IV Kupang, III-IV Waingapu, III-IV Lembata, III-IV Alor, III-IV Larantuka, III-IV Niki Niki"
27 Okt 2025,00:04:28 WIB,9.06 LS,123.97 BT,6.3,75 km,Pusat gempa berada di laut 82 km barat laut Timor Tengah Utara,"III-IV Maumere, III-IV Ende, III-IV Kefamenanu, III-IV Kupang, III-IV Waingapu, III-IV Lembata, III-IV Alor, III-IV Larantuka, III-IV Niki Niki"
27 Okt 2025,00:04:28 WIB,9.06 LS,123.97 BT,6.3,75 km,Pusat gempa berada di laut 82 km barat laut Timor Tengah Utara,"III-IV Maumere, III-IV Ende, III-IV Kefamenanu, III-IV Kupang, III-IV Waingapu, III-IV Lembata, III-IV Alor, III-IV Larantuka, III-IV Niki Niki"
27 Okt 2025,00:04:28 WIB,9.06 LS,123.97 BT,6.3,75 km,Pusat gempa berada di laut 82 km barat laut Timor Tengah Utara,"III-IV Maumere, III-IV Ende, III-IV Kefamenanu, III-IV Kupang, III-IV Waingapu, III-IV Lembata, III-IV Alor, III-IV Larantuka, III-IV Niki Niki"
27 Okt 2025,00:04:28 WIB,9.06 LS,123.97 BT,6.3,75 km,Pusat gempa berada di laut 82 km barat laut Timor Tengah Utara,"III-IV Maumere, III-IV Ende, III-IV Kefamenanu, III-IV Kupang, III-IV Waingapu, III-IV Lembata, III-IV Alor, III-IV Larantuka, III-IV Niki Niki"
27 Okt 2025,00:04:28 WIB,9.06 LS,123.97 BT,6.3,75 km,Pusat gempa berada di laut 82 km barat laut Timor Tengah Utara,"III-IV Maumere, III-IV Ende, III-IV Kefamenanu, III-IV Kupang, III-IV Waingapu, III-IV Lembata, III-IV Alor, III-IV Larantuka, III-IV Niki Niki"
27 Okt 2025,00:04:28 WIB,9.06 LS,123.97 BT,6.3,75 km,Pusat gempa berada di laut 82 km barat laut Timor Tengah Utara,"III-IV Maumere, III-IV Ende, III-IV Kefamenanu, III-IV Kupang, III-IV Waingapu, III-IV Lembata, III-IV Alor, III-IV Larantuka, III-IV Niki Niki"
27 Okt 2025,00:04:28 WIB,9.06 LS,123.97 BT,6.3,75 km,Pusat gempa berada di laut 82 km barat laut Timor Tengah Utara,"III-IV Maumere, III-IV Ende, III-IV Kefamenanu, III-IV Kupang, III-IV Waingapu, III-IV Lembata, III-IV Alor, III-IV Larantuka, III-IV Niki Niki"
27 Okt 2025,00:04:28 WIB,9.06 LS,123.97 BT,6.3,75 km,Pusat gempa berada di laut 82 km barat laut Timor Tengah Utara,"III-IV Maumere, III-IV Ende, III-IV Kefamenanu, III-IV Kupang, III-IV Waingapu, III-IV Lembata, III-IV Alor, III-IV Larantuka, III-IV Niki Niki"
27 Okt 2025,00:04:28 WIB,9.06 LS,123.97 BT,6.3,75 km,Pusat gempa berada di laut 82 km barat laut Timor Tengah Utara,"III-IV Maumere, III-IV Ende, III-IV Kefamenanu, III-IV Kupang, III-IV Waingapu, III-IV Lembata, III-IV Alor, III-IV Larantuka, III-IV Niki Niki"
27 Okt 2025,00:04:28 WIB,9.06 LS,123.97 BT,6.3,75 km,Pusat gempa berada di laut 82 km barat laut Timor Tengah Utara,"III-IV Maumere, III-IV Ende, III-IV Kefamenanu, III-IV Kupang, III-IV Waingapu, III-IV Lembata, III-IV Alor, III-IV Larantuka, III-IV Niki Niki"
27 Okt 2025,00:04:28 WIB,9.06 LS,123.97 BT,6.3,75 km,Pusat gempa berada di laut 82 km barat laut Timor Tengah Utara,"III-IV Maumere, III-IV Ende, III-IV Kefamenanu, III-IV Kupang, III-IV Waingapu, III-IV Lembata, III-IV Alor, III-IV Larantuka, III-IV Niki Niki"
27 Okt 2025,00:04:28 WIB,9.06 LS,123.97 BT,6.3,75 km,Pusat gempa berada di laut 82 km barat laut Timor Tengah Utara,"III-IV Maumere, III-IV Ende, III-IV Kefamenanu, III-IV Kupang, III-IV Waingapu, III-IV Lembata, III-IV Alor, III-IV Larantuka, III-IV Niki Niki"
27 Okt 2025,00:04:28 WIB,9.06 LS,123.97 BT,6.3,75 km,Pusat gempa berada di laut 82 km barat laut Timor Tengah Utara,"III-IV Maumere, III-IV Ende, III-IV Kefamenanu, III-IV Kupang, III-IV Waingapu, III-IV Lembata, III-IV Alor, III-IV Larantuka, III-IV Niki Niki"
27 Okt 2025,00:04:28 WIB,9.06 LS,123.97 BT,6.3,75 km,Pusat gempa berada di laut 82 km barat laut Timor Tengah Utara,"III-IV Maumere, III-IV Ende, III-IV Kefamenanu, III-IV Kupang, III-IV Waingapu, III-IV Lembata, III-IV Alor, III-IV Larantuka, III-IV Niki Niki"
27 Okt 2025,00:04:28 WIB,9.06 LS,123.97 BT,6.3,75 km,Pusat gempa berada di laut 82 km barat laut Timor Tengah Utara,"III-IV Maumere, III-IV Ende, III-IV Kefamenanu, III-IV Kupang, III-IV Waingapu, III-IV Lembata, III-IV Alor, III-IV Larantuka, III-IV Niki Niki"
27 Okt 2025,00:04:28 WIB,9.06 LS,123.97 BT,6.3,75 km,Pusat gempa berada di laut 82 km barat laut Timor Tengah Utara,"III-IV Maumere, III-IV Ende, III-IV Kefamenanu, III-IV Kupang, III-IV Waingapu, III-IV Lembata, III-IV Alor, III-IV Larantuka, III-IV Niki Niki"
27 Okt 2025,00:04:28 WIB,9.06 LS,123.97 BT,6.3,75 km,Pusat gempa berada di laut 82 km barat laut Timor Tengah Utara,"III-IV Maumere, III-IV Ende, III-IV Kefamenanu, III-IV Kupang, III-IV Waingapu, III-IV Lembata, III-IV Alor, III-IV Larantuka, III-IV Niki Niki"
27 Okt 2025,00:04:28 WIB,9.06 LS,123.97 BT,6.3,75 km,Pusat gempa berada di laut 82 km barat laut Timor Tengah Utara,"III-IV Maumere, III-IV Ende, III-IV Kefamenanu, III-IV Kupang, III-IV Waingapu, III-IV Lembata, III-IV Alor, III-IV Larantuka, III-IV Niki Niki"
27 Okt 2025,00:04:28 WIB,9.06 LS,123.97 BT,6.3,75 km,Pusat gempa berada di laut 82 km barat laut Timor Tengah Utara,"III-IV Maumere, III-IV Ende, III-IV Kefamenanu, III-IV Kupang, III-IV Waingapu, III-IV Lembata, III-IV Alor, III-IV Larantuka, III-IV Niki Niki"
27 Okt 2025,00:04:28 WIB,9.06 LS,123.97 BT,6.3,75 km,Pusat gempa berada di laut 82 km barat laut Timor Tengah Utara,"III-IV Maumere, III-IV Ende, III-IV Kefamenanu, III-IV Kupang, III-IV Waingapu, III-IV Lembata, III-IV Alor, III-IV Larantuka, III-IV Niki Niki"
27 Okt 2025,22:56:58 WIB,4.21 LU,97.50 BT,4.3,6 km,Pusat gempa berada di darat 29 km timur laut Kabupaten Gayo Lues,"III Gayo Lues , II-III Aceh Selatan, II-III Bener Meriah, II Aceh Tengah, II Aceh Tamiang"
27 Okt 2025,22:56:58 WIB,4.21 LU,97.50 BT,4.3,6 km,Pusat gempa berada di darat 29 km timur laut Kabupaten Gayo Lues,"III Gayo Lues , II-III Aceh Selatan, II-III Bener Meriah, II Aceh Tengah, II Aceh Tamiang"
27 Okt 2025,22:56:58 WIB,4.21 LU,97.50 BT,4.3,6 km,Pusat gempa berada di darat 29 km timur laut Kabupaten Gayo Lues,"III Gayo Lues , II-III Aceh Selatan, II-III Bener Meriah, II Aceh Tengah, II Aceh Tamiang"
27 Okt 2025,22:56:58 WIB,4.21 LU,97.50 BT,4.3,6 km,Pusat gempa berada di darat 29 km timur laut Kabupaten Gayo Lues,"III Gayo Lues , II-III Aceh Selatan, II-III Bener Meriah, II Aceh Tengah, II Aceh Tamiang"
27 Okt 2025,22:56:58 WIB,4.21 LU,97.50 BT,4.3,6 km,Pusat gempa berada di darat 29 km timur laut Kabupaten Gayo Lues,"III Gayo Lues , II-III Aceh Selatan, II-III Bener Meriah, II Aceh Tengah, II Aceh Tamiang"
27 Okt 2025,22:56:58 WIB,4.21 LU,97.50 BT,4.3,6 km,Pusat gempa berada di darat 29 km timur laut Kabupaten Gayo Lues,"III Gayo Lues , II-III Aceh Selatan, II-III Bener Meriah, II Aceh Tengah, II Aceh Tamiang"
27 Okt 2025,22:56:58 WIB,4.21 LU,97.50 BT,4.3,6 km,Pusat gempa berada di darat 29 km timur laut Kabupaten Gayo Lues,"III Gayo Lues , II-III Aceh Selatan, II-III Bener Meriah, II Aceh Tengah, II Aceh Tamiang"
27 Okt 2025,22:56:58 WIB,4.21 LU,97.50 BT,4.3,6 km,Pusat gempa berada di darat 29 km timur laut Kabupaten Gayo Lues,"III Gayo Lues , II-III Aceh Selatan, II-III Bener Meriah, II Aceh Tengah, II Aceh Tamiang"
27 Okt 2025,22:56:58 WIB,4.21 LU,97.50 BT,4.3,6 km,Pusat gempa berada di darat 29 km timur laut Kabupaten Gayo Lues,"III Gayo Lues , II-III Aceh Selatan, II-III Bener Meriah, II Aceh Tengah, II Aceh Tamiang"
27 Okt 2025,22:56:58 WIB,4.21 LU,97.50 BT,4.3,6 km,Pusat gempa berada di darat 29 km timur laut Kabupaten Gayo Lues,"III Gayo Lues , II-III Aceh Selatan, II-III Bener Meriah, II Aceh Tengah, II Aceh Tamiang"
27 Okt 2025,22:56:58 WIB,4.21 LU,97.50 BT,4.3,6 km,Pusat gempa berada di darat 29 km timur laut Kabupaten Gayo Lues,"III Gayo Lues , II-III Aceh Selatan, II-III Bener Meriah, II Aceh Tengah, II Aceh Tamiang"
27 Okt 2025,22:56:58 WIB,4.21 LU,97.50 BT,4.3,6 km,Pusat gempa berada di darat 29 km timur laut Kabupaten Gayo Lues,"III Gayo Lues , II-III Aceh Selatan, II-III Bener Meriah, II Aceh Tengah, II Aceh Tamiang"
27 Okt 2025,22:56:58 WIB,4.21 LU,97.50 BT,4.3,6 km,Pusat gempa berada di darat 29 km timur laut Kabupaten Gayo Lues,"III Gayo Lues , II-III Aceh Selatan, II-III Bener Meriah, II Aceh Tengah, II Aceh Tamiang"
27 Okt 2025,22:56:58 WIB,4.21 LU,97.50 BT,4.3,6 km,Pusat gempa berada di darat 29 km timur laut Kabupaten Gayo Lues,"III Gayo Lues , II-III Aceh Selatan, II-III Bener Meriah, II Aceh Tengah, II Aceh Tamiang"
27 Okt 2025,22:56:58 WIB,4.21 LU,97.50 BT,4.3,6 km,Pusat gempa berada di darat 29 km timur laut Kabupaten Gayo Lues,"III Gayo Lues , II-III Aceh Selatan, II-III Bener Meriah, II Aceh Tengah, II Aceh Tamiang"
27 Okt 2025,22:56:58 WIB,4.21 LU,97.50 BT,4.3,6 km,Pusat gempa berada di darat 29 km timur laut Kabupaten Gayo Lues,"III Gayo Lues , II-III Aceh Selatan, II-III Bener Meriah, II Aceh Tengah, II Aceh Tamiang"
27 Okt 2025,22:56:58 WIB,4.21 LU,97.50 BT,4.3,6 km,Pusat gempa berada di darat 29 km timur laut Kabupaten Gayo Lues,"III Gayo Lues , II-III Aceh Selatan, II-III Bener Meriah, II Aceh Tengah, II Aceh Tamiang"
27 Okt 2025,22:56:58 WIB,4.21 LU,97.50 BT,4.3,6 km,Pusat gempa berada di darat 29 km timur laut Kabupaten Gayo Lues,"III Gayo Lues , II-III Aceh Selatan, II-III Bener Meriah, II Aceh Tengah, II Aceh Tamiang"
27 Okt 2025,22:56:58 WIB,4.21 LU,97.50 BT,4.3,6 km,Pusat gempa berada di darat 29 km timur laut Kabupaten Gayo Lues,"III Gayo Lues , II-III Aceh Selatan, II-III Bener Meriah, II Aceh Tengah, II Aceh Tamiang"
27 Okt 2025,22:56:58 WIB,4.21 LU,97.50 BT,4.3,6 km,Pusat gempa berada di darat 29 km timur laut Kabupaten Gayo Lues,"III Gayo Lues , II-III Aceh Selatan, II-III Bener Meriah, II Aceh Tengah, II Aceh Tamiang"
27 Okt 2025,22:56:58 WIB,4.21 LU,97.50 BT,4.3,6 km,Pusat gempa berada di darat 29 km timur laut Kabupaten Gayo Lues,"III Gayo Lues , II-III Aceh Selatan, II-III Bener Meriah, II Aceh Tengah, II Aceh Tamiang"
27 Okt 2025,22:56:58 WIB,4.21 LU,97.50 BT,4.3,6 km,Pusat gempa berada di darat 29 km timur laut Kabupaten Gayo Lues,"III Gayo Lues , II-III Aceh Selatan, II-III Bener Meriah, II Aceh Tengah, II Aceh Tamiang"
28 Okt 2025,06:35:15 WIB,4.89 LU,96.06 BT,5.3,10 km,26 km BaratDaya KAB-PIDIEJAYA-ACEH,-
28 Okt 2025,08:31:20 WIB,1.43 LU,121.77 BT,5.5,10 km,Pusat gempa berada di laut 68 km TimurLaut Buol,"III-IV Kab. Buol, II-III Pohuwato"
28 Okt 2025,08:31:20 WIB,1.43 LU,121.77 BT,5.5,10 km,Pusat gempa berada di laut 68 km TimurLaut Buol,"III-IV Kab. Buol, II-III Kab. Pohuwato, II-III Tolitoli, II Kab. Gorontalo Utara"
28 Okt 2025,08:31:20 WIB,1.43 LU,121.77 BT,5.5,10 km,Pusat gempa berada di laut 68 km TimurLaut Buol,"III-IV Kab. Buol, II-III Kab. Pohuwato, II-III Tolitoli, II Kab. Gorontalo Utara"
28 Okt 2025,08:31:20 WIB,1.43 LU,121.77 BT,5.5,10 km,Pusat gempa berada di laut 68 km TimurLaut Buol,"III-IV Kab. Buol, II-III Kab. Pohuwato, II-III Tolitoli, II Kab. Gorontalo Utara"
28 Okt 2025,08:31:20 WIB,1.43 LU,121.77 BT,5.5,10 km,Pusat gempa berada di laut 68 km TimurLaut Buol,"III-IV Kab. Buol, II-III Kab. Pohuwato, II-III Tolitoli, II Kab. Gorontalo Utara"
28 Okt 2025,08:31:20 WIB,1.43 LU,121.77 BT,5.5,10 km,Pusat gempa berada di laut 68 km TimurLaut Buol,"III-IV Kab. Buol, II-III Kab. Pohuwato, II-III Tolitoli, II Kab. Gorontalo Utara"
28 Okt 2025,08:31:20 WIB,1.43 LU,121.77 BT,5.5,10 km,Pusat gempa berada di laut 68 km TimurLaut Buol,"III-IV Kab. Buol, II-III Kab. Pohuwato, II-III Tolitoli, II Kab. Gorontalo Utara"
28 Okt 2025,08:31:20 WIB,1.43 LU,121.77 BT,5.5,10 km,Pusat gempa berada di laut 68 km TimurLaut Buol,"III-IV Kab. Buol, II-III Kab. Pohuwato, II-III Tolitoli, II Kab. Gorontalo Utara"
28 Okt 2025,08:31:20 WIB,1.43 LU,121.77 BT,5.5,10 km,Pusat gempa berada di laut 68 km TimurLaut Buol,"III-IV Kab. Buol, II-III Kab. Pohuwato, II-III Tolitoli, II Kab. Gorontalo Utara"
28 Okt 2025,08:31:20 WIB,1.43 LU,121.77 BT,5.5,10 km,Pusat gempa berada di laut 68 km TimurLaut Buol,"III-IV Kab. Buol, II-III Kab. Pohuwato, II-III Tolitoli, II Kab. Gorontalo Utara"
28 Okt 2025,08:31:20 WIB,1.43 LU,121.77 BT,5.5,10 km,Pusat gempa berada di laut 68 km TimurLaut Buol,"III-IV Kab. Buol, II-III Kab. Pohuwato, II-III Tolitoli, II Kab. Gorontalo Utara"
28 Okt 2025,08:31:20 WIB,1.43 LU,121.77 BT,5.5,10 km,Pusat gempa berada di laut 68 km TimurLaut Buol,"III-IV Kab. Buol, II-III Kab. Pohuwato, II-III Tolitoli, II Kab. Gorontalo Utara"
28 Okt 2025,08:31:20 WIB,1.43 LU,121.77 BT,5.5,10 km,Pusat gempa berada di laut 68 km TimurLaut Buol,"III-IV Kab. Buol, II-III Kab. Pohuwato, II-III Tolitoli, II Kab. Gorontalo Utara"
28 Okt 2025,08:31:20 WIB,1.43 LU,121.77 BT,5.5,10 km,Pusat gempa berada di laut 68 km TimurLaut Buol,"III-IV Kab. Buol, II-III Kab. Pohuwato, II-III Tolitoli, II Kab. Gorontalo Utara"
28 Okt 2025,08:31:20 WIB,1.43 LU,121.77 BT,5.5,10 km,Pusat gempa berada di laut 68 km TimurLaut Buol,"III-IV Kab. Buol, II-III Kab. Pohuwato, II-III Tolitoli, II Kab. Gorontalo Utara"
28 Okt 2025,08:31:20 WIB,1.43 LU,121.77 BT,5.5,10 km,Pusat gempa berada di laut 68 km TimurLaut Buol,"III-IV Kab. Buol, II-III Kab. Pohuwato, II-III Tolitoli, II Kab. Gorontalo Utara"
28 Okt 2025,08:31:20 WIB,1.43 LU,121.77 BT,5.5,10 km,Pusat gempa berada di laut 68 km TimurLaut Buol,"III-IV Kab. Buol, II-III Kab. Pohuwato, II-III Tolitoli, II Kab. Gorontalo Utara"
28 Okt 2025,08:31:20 WIB,1.43 LU,121.77 BT,5.5,10 km,Pusat gempa berada di laut 68 km TimurLaut Buol,"III-IV Kab. Buol, II-III Kab. Pohuwato, II-III Tolitoli, II Kab. Gorontalo Utara"
28 Okt 2025,16:23:53 WIB,2.38 LU,96.96 BT,4.1,11 km,Pusat gempa berada di laut 66 km Tenggara Sinabang,II-III Sinabang
28 Okt 2025,16:23:53 WIB,2.38 LU,96.96 BT,4.1,11 km,Pusat gempa berada di laut 66 km Tenggara Sinabang,II-III Sinabang
28 Okt 2025,16:23:53 WIB,2.38 LU,96.96 BT,4.1,11 km,Pusat gempa berada di laut 66 km Tenggara Sinabang,II-III Sinabang
28 Okt 2025,16:23:53 WIB,2.38 LU,96.96 BT,4.1,11 km,Pusat gempa berada di laut 66 km Tenggara Sinabang,II-III Sinabang
28 Okt 2025,16:23:53 WIB,2.38 LU,96.96 BT,4.1,11 km,Pusat gempa berada di laut 66 km Tenggara Sinabang,II-III Sinabang
28 Okt 2025,16:23:53 WIB,2.38 LU,96.96 BT,4.1,11 km,Pusat gempa berada di laut 66 km Tenggara Sinabang,II-III Sinabang
28 Okt 2025,16:23:53 WIB,2.38 LU,96.96 BT,4.1,11 km,Pusat gempa berada di laut 66 km Tenggara Sinabang,II-III Sinabang
28 Okt 2025,16:23:53 WIB,2.38 LU,96.96 BT,4.1,11 km,Pusat gempa berada di laut 66 km Tenggara Sinabang,II-III Sinabang
28 Okt 2025,16:23:53 WIB,2.38 LU,96.96 BT,4.1,11 km,Pusat gempa berada di laut 66 km Tenggara Sinabang,II-III Sinabang
28 Okt 2025,16:23:53 WIB,2.38 LU,96.96 BT,4.1,11 km,Pusat gempa berada di laut 66 km Tenggara Sinabang,II-III Sinabang
28 Okt 2025,16:23:53 WIB,2.38 LU,96.96 BT,4.1,11 km,Pusat gempa berada di laut 66 km Tenggara Sinabang,II-III Sinabang
28 Okt 2025,21:40:18 WIB,6.81 LS,130.13 BT,6.8,185 km,183 km BaratLaut TANIMBAR,-
28 Okt 2025,21:40:18 WIB,6.81 LS,130.13 BT,6.8,185 km,183 km BaratLaut TANIMBAR,-
28 Okt 2025,21:40:18 WIB,6.81 LS,130.01 BT,6.8,185 km,Pusat gempa berada di Laut 183 km BaratLaut Tanimbar,"IV Saumlaki, III Tual, III Tepa, III Sorong, III Kaimana, III Manokwari, III Maybrat, III Raja Ampat, III Sorong Selatan, II-III Fak-fak, II-III Dobo, II Nabire"
28 Okt 2025,21:40:18 WIB,6.81 LS,130.01 BT,6.8,185 km,Pusat gempa berada di Laut 183 km BaratLaut Tanimbar,"III Teluk Bintuni, III Sorong Selatan, III Raja Ampat, III Maybrat, III Kaimana, III Sorong, III Tepa, III Tual, IV Saumlaki, III Manokwari, II-III Fak-fak, II-III Dobo, II Nabire, II-III Dogiyai, II-III Deiyai, II Enarotali"
28 Okt 2025,21:40:18 WIB,6.81 LS,130.01 BT,6.8,185 km,Pusat gempa berada di Laut 183 km BaratLaut Tanimbar,"III Teluk Bintuni, III Sorong Selatan, III Raja Ampat, III Maybrat, III Kaimana, III Sorong, III Tepa, III Tual, IV Saumlaki, III Manokwari, II-III Fak-fak, II-III Dobo, II Nabire, II-III Dogiyai, II-III Deiyai, II Enarotali"
28 Okt 2025,21:40:18 WIB,6.81 LS,130.01 BT,6.8,185 km,Pusat gempa berada di Laut 183 km BaratLaut Tanimbar,"III Teluk Bintuni, III Sorong Selatan, III Raja Ampat, III Maybrat, III Kaimana, III Sorong, III Tepa, III Tual, IV Saumlaki, III Manokwari, II-III Fak-fak, II-III Dobo, II Nabire, II-III Dogiyai, II-III Deiyai, II Enarotali"
28 Okt 2025,21:40:18 WIB,6.81 LS,130.01 BT,6.8,185 km,Pusat gempa berada di Laut 183 km BaratLaut Tanimbar,"III Teluk Bintuni, III Sorong Selatan, III Raja Ampat, III Maybrat, III Kaimana, III Sorong, III Tepa, III Tual, IV Saumlaki, III Manokwari, II-III Fak-fak, II-III Dobo, II Nabire, II-III Dogiyai, II-III Deiyai, II Enarotali"
28 Okt 2025,21:40:18 WIB,6.81 LS,130.01 BT,6.8,185 km,Pusat gempa berada di Laut 183 km BaratLaut Tanimbar,"III Teluk Bintuni, III Sorong Selatan, III Raja Ampat, III Maybrat, III Kaimana, III Sorong, III Tepa, III Tual, IV Saumlaki, III Manokwari, II-III Fak-fak, II-III Dobo, II Nabire, II-III Dogiyai, II-III Deiyai, II Enarotali"
28 Okt 2025,21:40:18 WIB,6.81 LS,130.01 BT,6.8,185 km,Pusat gempa berada di Laut 183 km BaratLaut Tanimbar,"III Teluk Bintuni, III Sorong Selatan, III Raja Ampat, III Maybrat, III Kaimana, III Sorong, III Tepa, III Tual, IV Saumlaki, III Manokwari, II-III Fak-fak, II-III Dobo, II Nabire, II-III Dogiyai, II-III Deiyai, II Enarotali"
28 Okt 2025,21:40:18 WIB,6.81 LS,130.01 BT,6.8,185 km,Pusat gempa berada di Laut 183 km BaratLaut Tanimbar,"III Teluk Bintuni, III Sorong Selatan, III Raja Ampat, III Maybrat, III Kaimana, III Sorong, III Tepa, III Tual, IV Saumlaki, III Manokwari, II-III Fak-fak, II-III Dobo, II Nabire, II-III Dogiyai, II-III Deiyai, II Enarotali"
28 Okt 2025,21:40:18 WIB,6.81 LS,130.01 BT,6.8,185 km,Pusat gempa berada di Laut 183 km BaratLaut Tanimbar,"III Teluk Bintuni, III Sorong Selatan, III Raja Ampat, III Maybrat, III Kaimana, III Sorong, III Tepa, III Tual, IV Saumlaki, III Manokwari, II-III Fak-fak, II-III Dobo, II Nabire, II-III Dogiyai, II-III Deiyai, II Enarotali"
28 Okt 2025,21:40:18 WIB,6.81 LS,130.01 BT,6.8,185 km,Pusat gempa berada di Laut 183 km BaratLaut Tanimbar,"III Teluk Bintuni, III Sorong Selatan, III Raja Ampat, III Maybrat, III Kaimana, III Sorong, III Tepa, III Tual, IV Saumlaki, III Manokwari, II-III Fak-fak, II-III Dobo, II Nabire, II-III Dogiyai, II-III Deiyai, II Enarotali"
28 Okt 2025,21:40:18 WIB,6.81 LS,130.01 BT,6.8,185 km,Pusat gempa berada di Laut 183 km BaratLaut Tanimbar,"III Teluk Bintuni, III Sorong Selatan, III Raja Ampat, III Maybrat, III Kaimana, III Sorong, III Tepa, III Tual, IV Saumlaki, III Manokwari, II-III Fak-fak, II-III Dobo, II Nabire, II-III Dogiyai, II-III Deiyai, II Enarotali"
28 Okt 2025,21:40:18 WIB,6.81 LS,130.01 BT,6.8,185 km,Pusat gempa berada di Laut 183 km BaratLaut Tanimbar,"III Teluk Bintuni, III Sorong Selatan, III Raja Ampat, III Maybrat, III Kaimana, III Sorong, III Tepa, III Tual, IV Saumlaki, III Manokwari, II-III Fak-fak, II-III Dobo, II Nabire, II-III Dogiyai, II-III Deiyai, II Enarotali"
28 Okt 2025,21:40:18 WIB,6.81 LS,130.01 BT,6.8,185 km,Pusat gempa berada di Laut 183 km BaratLaut Tanimbar,"III Teluk Bintuni, III Sorong Selatan, III Raja Ampat, III Maybrat, III Kaimana, III Sorong, III Tepa, III Tual, IV Saumlaki, III Manokwari, II-III Fak-fak, II-III Dobo, II Nabire, II-III Dogiyai, II-III Deiyai, II Enarotali"
28 Okt 2025,21:40:18 WIB,6.81 LS,130.01 BT,6.8,185 km,Pusat gempa berada di Laut 183 km BaratLaut Tanimbar,"III Teluk Bintuni, III Sorong Selatan, III Raja Ampat, III Maybrat, III Kaimana, III Sorong, III Tepa, III Tual, IV Saumlaki, III Manokwari, II-III Fak-fak, II-III Dobo, II Nabire, II-III Dogiyai, II-III Deiyai, II Enarotali"
28 Okt 2025,21:40:18 WIB,6.81 LS,130.01 BT,6.8,185 km,Pusat gempa berada di Laut 183 km BaratLaut Tanimbar,"III Teluk Bintuni, III Sorong Selatan, III Raja Ampat, III Maybrat, III Kaimana, III Sorong, III Tepa, III Tual, IV Saumlaki, III Manokwari, II-III Fak-fak, II-III Dobo, II Nabire, II-III Dogiyai, II-III Deiyai, II Enarotali"
28 Okt 2025,21:40:18 WIB,6.81 LS,130.01 BT,6.8,185 km,Pusat gempa berada di Laut 183 km BaratLaut Tanimbar,"III Teluk Bintuni, III Sorong Selatan, III Raja Ampat, III Maybrat, III Kaimana, III Sorong, III Tepa, III Tual, IV Saumlaki, III Manokwari, II-III Fak-fak, II-III Dobo, II Nabire, II-III Dogiyai, II-III Deiyai, II Enarotali"
28 Okt 2025,21:40:18 WIB,6.81 LS,130.01 BT,6.8,185 km,Pusat gempa berada di Laut 183 km BaratLaut Tanimbar,"III Teluk Bintuni, III Sorong Selatan, III Raja Ampat, III Maybrat, III Kaimana, III Sorong, III Tepa, III Tual, IV Saumlaki, III Manokwari, II-III Fak-fak, II-III Dobo, II Nabire, II-III Dogiyai, II-III Deiyai, II Enarotali"
28 Okt 2025,21:40:18 WIB,6.81 LS,130.01 BT,6.8,185 km,Pusat gempa berada di Laut 183 km BaratLaut Tanimbar,"III Teluk Bintuni, III Sorong Selatan, III Raja Ampat, III Maybrat, III Kaimana, III Sorong, III Tepa, III Tual, IV Saumlaki, III Manokwari, II-III Fak-fak, II-III Dobo, II Nabire, II-III Dogiyai, II-III Deiyai, II Enarotali"
28 Okt 2025,21:40:18 WIB,6.81 LS,130.01 BT,6.8,185 km,Pusat gempa berada di Laut 183 km BaratLaut Tanimbar,"III Teluk Bintuni, III Sorong Selatan, III Raja Ampat, III Maybrat, III Kaimana, III Sorong, III Tepa, III Tual, IV Saumlaki, III Manokwari, II-III Fak-fak, II-III Dobo, II Nabire, II-III Dogiyai, II-III Deiyai, II Enarotali"
28 Okt 2025,21:40:18 WIB,6.81 LS,130.01 BT,6.8,185 km,Pusat gempa berada di Laut 183 km BaratLaut Tanimbar,"III Teluk Bintuni, III Sorong Selatan, III Raja Ampat, III Maybrat, III Kaimana, III Sorong, III Tepa, III Tual, IV Saumlaki, III Manokwari, II-III Fak-fak, II-III Dobo, II Nabire, II-III Dogiyai, II-III Deiyai, II Enarotali"
28 Okt 2025,21:40:18 WIB,6.81 LS,130.01 BT,6.8,185 km,Pusat gempa berada di Laut 183 km BaratLaut Tanimbar,"III Teluk Bintuni, III Sorong Selatan, III Raja Ampat, III Maybrat, III Kaimana, III Sorong, III Tepa, III Tual, IV Saumlaki, III Manokwari, II-III Fak-fak, II-III Dobo, II Nabire, II-III Dogiyai, II-III Deiyai, II Enarotali"
28 Okt 2025,21:40:18 WIB,6.81 LS,130.01 BT,6.8,185 km,Pusat gempa berada di Laut 183 km BaratLaut Tanimbar,"III Teluk Bintuni, III Sorong Selatan, III Raja Ampat, III Maybrat, III Kaimana, III Sorong, III Tepa, III Tual, IV Saumlaki, III Manokwari, II-III Fak-fak, II-III Dobo, II Nabire, II-III Dogiyai, II-III Deiyai, II Enarotali"
28 Okt 2025,21:40:18 WIB,6.81 LS,130.01 BT,6.8,185 km,Pusat gempa berada di Laut 183 km BaratLaut Tanimbar,"III Teluk Bintuni, III Sorong Selatan, III Raja Ampat, III Maybrat, III Kaimana, III Sorong, III Tepa, III Tual, IV Saumlaki, III Manokwari, II-III Fak-fak, II-III Dobo, II Nabire, II-III Dogiyai, II-III Deiyai, II Enarotali"
28 Okt 2025,21:40:18 WIB,6.81 LS,130.01 BT,6.8,185 km,Pusat gempa berada di Laut 183 km BaratLaut Tanimbar,"III Teluk Bintuni, III Sorong Selatan, III Raja Ampat, III Maybrat, III Kaimana, III Sorong, III Tepa, III Tual, IV Saumlaki, III Manokwari, II-III Fak-fak, II-III Dobo, II Nabire, II-III Dogiyai, II-III Deiyai, II Enarotali"
28 Okt 2025,21:40:18 WIB,6.81 LS,130.01 BT,6.8,185 km,Pusat gempa berada di Laut 183 km BaratLaut Tanimbar,"III Teluk Bintuni, III Sorong Selatan, III Raja Ampat, III Maybrat, III Kaimana, III Sorong, III Tepa, III Tual, IV Saumlaki, III Manokwari, II-III Fak-fak, II-III Dobo, II Nabire, II-III Dogiyai, II-III Deiyai, II Enarotali"
28 Okt 2025,21:40:18 WIB,6.81 LS,130.01 BT,6.8,185 km,Pusat gempa berada di Laut 183 km BaratLaut Tanimbar,"III Teluk Bintuni, III Sorong Selatan, III Raja Ampat, III Maybrat, III Kaimana, III Sorong, III Tepa, III Tual, IV Saumlaki, III Manokwari, II-III Fak-fak, II-III Dobo, II Nabire, II-III Dogiyai, II-III Deiyai, II Enarotali"
28 Okt 2025,21:40:18 WIB,6.81 LS,130.01 BT,6.8,185 km,Pusat gempa berada di Laut 183 km BaratLaut Tanimbar,"III Teluk Bintuni, III Sorong Selatan, III Raja Ampat, III Maybrat, III Kaimana, III Sorong, III Tepa, III Tual, IV Saumlaki, III Manokwari, II-III Fak-fak, II-III Dobo, II Nabire, II-III Dogiyai, II-III Deiyai, II Enarotali"
28 Okt 2025,21:40:18 WIB,6.81 LS,130.01 BT,6.8,185 km,Pusat gempa berada di Laut 183 km BaratLaut Tanimbar,"III Teluk Bintuni, III Sorong Selatan, III Raja Ampat, III Maybrat, III Kaimana, III Sorong, III Tepa, III Tual, IV Saumlaki, III Manokwari, II-III Fak-fak, II-III Dobo, II Nabire, II-III Dogiyai, II-III Deiyai, II Enarotali"
28 Okt 2025,21:40:18 WIB,6.81 LS,130.01 BT,6.8,185 km,Pusat gempa berada di Laut 183 km BaratLaut Tanimbar,"III Teluk Bintuni, III Sorong Selatan, III Raja Ampat, III Maybrat, III Kaimana, III Sorong, III Tepa, III Tual, IV Saumlaki, III Manokwari, II-III Fak-fak, II-III Dobo, II Nabire, II-III Dogiyai, II-III Deiyai, II Enarotali"
28 Okt 2025,21:40:18 WIB,6.81 LS,130.01 BT,6.8,185 km,Pusat gempa berada di Laut 183 km BaratLaut Tanimbar,"III Teluk Bintuni, III Sorong Selatan, III Raja Ampat, III Maybrat, III Kaimana, III Sorong, III Tepa, III Tual, IV Saumlaki, III Manokwari, II-III Fak-fak, II-III Dobo, II Nabire, II-III Dogiyai, II-III Deiyai, II Enarotali"
28 Okt 2025,21:40:18 WIB,6.81 LS,130.01 BT,6.8,185 km,Pusat gempa berada di Laut 183 km BaratLaut Tanimbar,"III Teluk Bintuni, III Sorong Selatan, III Raja Ampat, III Maybrat, III Kaimana, III Sorong, III Tepa, III Tual, IV Saumlaki, III Manokwari, II-III Fak-fak, II-III Dobo, II Nabire, II-III Dogiyai, II-III Deiyai, II Enarotali"
28 Okt 2025,21:40:18 WIB,6.81 LS,130.01 BT,6.8,185 km,Pusat gempa berada di Laut 183 km BaratLaut Tanimbar,"III Teluk Bintuni, III Sorong Selatan, III Raja Ampat, III Maybrat, III Kaimana, III Sorong, III Tepa, III Tual, IV Saumlaki, III Manokwari, II-III Fak-fak, II-III Dobo, II Nabire, II-III Dogiyai, II-III Deiyai, II Enarotali"
28 Okt 2025,21:40:18 WIB,6.81 LS,130.01 BT,6.8,185 km,Pusat gempa berada di Laut 183 km BaratLaut Tanimbar,"III Teluk Bintuni, III Sorong Selatan, III Raja Ampat, III Maybrat, III Kaimana, III Sorong, III Tepa, III Tual, IV Saumlaki, III Manokwari, II-III Fak-fak, II-III Dobo, II Nabire, II-III Dogiyai, II-III Deiyai, II Enarotali"
28 Okt 2025,21:40:18 WIB,6.81 LS,130.01 BT,6.8,185 km,Pusat gempa berada di Laut 183 km BaratLaut Tanimbar,"III Teluk Bintuni, III Sorong Selatan, III Raja Ampat, III Maybrat, III Kaimana, III Sorong, III Tepa, III Tual, IV Saumlaki, III Manokwari, II-III Fak-fak, II-III Dobo, II Nabire, II-III Dogiyai, II-III Deiyai, II Enarotali"
28 Okt 2025,21:40:18 WIB,6.81 LS,130.01 BT,6.8,185 km,Pusat gempa berada di Laut 183 km BaratLaut Tanimbar,"III Teluk Bintuni, III Sorong Selatan, III Raja Ampat, III Maybrat, III Kaimana, III Sorong, III Tepa, III Tual, IV Saumlaki, III Manokwari, II-III Fak-fak, II-III Dobo, II Nabire, II-III Dogiyai, II-III Deiyai, II Enarotali"
28 Okt 2025,21:40:18 WIB,6.81 LS,130.01 BT,6.8,185 km,Pusat gempa berada di Laut 183 km BaratLaut Tanimbar,"III Teluk Bintuni, III Sorong Selatan, III Raja Ampat, III Maybrat, III Kaimana, III Sorong, III Tepa, III Tual, IV Saumlaki, III Manokwari, II-III Fak-fak, II-III Dobo, II Nabire, II-III Dogiyai, II-III Deiyai, II Enarotali"
28 Okt 2025,21:40:18 WIB,6.81 LS,130.01 BT,6.8,185 km,Pusat gempa berada di Laut 183 km BaratLaut Tanimbar,"III Teluk Bintuni, III Sorong Selatan, III Raja Ampat, III Maybrat, III Kaimana, III Sorong, III Tepa, III Tual, IV Saumlaki, III Manokwari, II-III Fak-fak, II-III Dobo, II Nabire, II-III Dogiyai, II-III Deiyai, II Enarotali"
28 Okt 2025,21:40:18 WIB,6.81 LS,130.01 BT,6.8,185 km,Pusat gempa berada di Laut 183 km BaratLaut Tanimbar,"III Teluk Bintuni, III Sorong Selatan, III Raja Ampat, III Maybrat, III Kaimana, III Sorong, III Tepa, III Tual, IV Saumlaki, III Manokwari, II-III Fak-fak, II-III Dobo, II Nabire, II-III Dogiyai, II-III Deiyai, II Enarotali"
28 Okt 2025,21:40:18 WIB,6.81 LS,130.01 BT,6.8,185 km,Pusat gempa berada di Laut 183 km BaratLaut Tanimbar,"III Teluk Bintuni, III Sorong Selatan, III Raja Ampat, III Maybrat, III Kaimana, III Sorong, III Tepa, III Tual, IV Saumlaki, III Manokwari, II-III Fak-fak, II-III Dobo, II Nabire, II-III Dogiyai, II-III Deiyai, II Enarotali"
28 Okt 2025,21:40:18 WIB,6.81 LS,130.01 BT,6.8,185 km,Pusat gempa berada di Laut 183 km BaratLaut Tanimbar,"III Teluk Bintuni, III Sorong Selatan, III Raja Ampat, III Maybrat, III Kaimana, III Sorong, III Tepa, III Tual, IV Saumlaki, III Manokwari, II-III Fak-fak, II-III Dobo, II Nabire, II-III Dogiyai, II-III Deiyai, II Enarotali"
28 Okt 2025,21:40:18 WIB,6.81 LS,130.01 BT,6.8,185 km,Pusat gempa berada di Laut 183 km BaratLaut Tanimbar,"III Teluk Bintuni, III Sorong Selatan, III Raja Ampat, III Maybrat, III Kaimana, III Sorong, III Tepa, III Tual, IV Saumlaki, III Manokwari, II-III Fak-fak, II-III Dobo, II Nabire, II-III Dogiyai, II-III Deiyai, II Enarotali"
28 Okt 2025,21:40:18 WIB,6.81 LS,130.01 BT,6.8,185 km,Pusat gempa berada di Laut 183 km BaratLaut Tanimbar,"III Teluk Bintuni, III Sorong Selatan, III Raja Ampat, III Maybrat, III Kaimana, III Sorong, III Tepa, III Tual, IV Saumlaki, III Manokwari, II-III Fak-fak, II-III Dobo, II Nabire, II-III Dogiyai, II-III Deiyai, II Enarotali"
28 Okt 2025,21:40:18 WIB,6.81 LS,130.01 BT,6.8,185 km,Pusat gempa berada di Laut 183 km BaratLaut Tanimbar,"III Teluk Bintuni, III Sorong Selatan, III Raja Ampat, III Maybrat, III Kaimana, III Sorong, III Tepa, III Tual, IV Saumlaki, III Manokwari, II-III Fak-fak, II-III Dobo, II Nabire, II-III Dogiyai, II-III Deiyai, II Enarotali"
28 Okt 2025,21:40:18 WIB,6.81 LS,130.01 BT,6.8,185 km,Pusat gempa berada di Laut 183 km BaratLaut Tanimbar,"III Teluk Bintuni, III Sorong Selatan, III Raja Ampat, III Maybrat, III Kaimana, III Sorong, III Tepa, III Tual, IV Saumlaki, III Manokwari, II-III Fak-fak, II-III Dobo, II Nabire, II-III Dogiyai, II-III Deiyai, II Enarotali"
28 Okt 2025,21:40:18 WIB,6.81 LS,130.01 BT,6.8,185 km,Pusat gempa berada di Laut 183 km BaratLaut Tanimbar,"III Teluk Bintuni, III Sorong Selatan, III Raja Ampat, III Maybrat, III Kaimana, III Sorong, III Tepa, III Tual, IV Saumlaki, III Manokwari, II-III Fak-fak, II-III Dobo, II Nabire, II-III Dogiyai, II-III Deiyai, II Enarotali"
28 Okt 2025,21:40:18 WIB,6.81 LS,130.01 BT,6.8,185 km,Pusat gempa berada di Laut 183 km BaratLaut Tanimbar,"III Teluk Bintuni, III Sorong Selatan, III Raja Ampat, III Maybrat, III Kaimana, III Sorong, III Tepa, III Tual, IV Saumlaki, III Manokwari, II-III Fak-fak, II-III Dobo, II Nabire, II-III Dogiyai, II-III Deiyai, II Enarotali"
28 Okt 2025,21:40:18 WIB,6.81 LS,130.01 BT,6.8,185 km,Pusat gempa berada di Laut 183 km BaratLaut Tanimbar,"III Teluk Bintuni, III Sorong Selatan, III Raja Ampat, III Maybrat, III Kaimana, III Sorong, III Tepa, III Tual, IV Saumlaki, III Manokwari, II-III Fak-fak, II-III Dobo, II Nabire, II-III Dogiyai, II-III Deiyai, II Enarotali"
28 Okt 2025,21:40:18 WIB,6.81 LS,130.01 BT,6.8,185 km,Pusat gempa berada di Laut 183 km BaratLaut Tanimbar,"III Teluk Bintuni, III Sorong Selatan, III Raja Ampat, III Maybrat, III Kaimana, III Sorong, III Tepa, III Tual, IV Saumlaki, III Manokwari, II-III Fak-fak, II-III Dobo, II Nabire, II-III Dogiyai, II-III Deiyai, II Enarotali"
28 Okt 2025,21:40:18 WIB,6.81 LS,130.01 BT,6.8,185 km,Pusat gempa berada di Laut 183 km BaratLaut Tanimbar,"III Teluk Bintuni, III Sorong Selatan, III Raja Ampat, III Maybrat, III Kaimana, III Sorong, III Tepa, III Tual, IV Saumlaki, III Manokwari, II-III Fak-fak, II-III Dobo, II Nabire, II-III Dogiyai, II-III Deiyai, II Enarotali"
28 Okt 2025,21:40:18 WIB,6.81 LS,130.01 BT,6.8,185 km,Pusat gempa berada di Laut 183 km BaratLaut Tanimbar,"III Teluk Bintuni, III Sorong Selatan, III Raja Ampat, III Maybrat, III Kaimana, III Sorong, III Tepa, III Tual, IV Saumlaki, III Manokwari, II-III Fak-fak, II-III Dobo, II Nabire, II-III Dogiyai, II-III Deiyai, II Enarotali"
28 Okt 2025,21:40:18 WIB,6.81 LS,130.01 BT,6.8,185 km,Pusat gempa berada di Laut 183 km BaratLaut Tanimbar,"III Teluk Bintuni, III Sorong Selatan, III Raja Ampat, III Maybrat, III Kaimana, III Sorong, III Tepa, III Tual, IV Saumlaki, III Manokwari, II-III Fak-fak, II-III Dobo, II Nabire, II-III Dogiyai, II-III Deiyai, II Enarotali"
28 Okt 2025,21:40:18 WIB,6.81 LS,130.01 BT,6.8,185 km,Pusat gempa berada di Laut 183 km BaratLaut Tanimbar,"III Teluk Bintuni, III Sorong Selatan, III Raja Ampat, III Maybrat, III Kaimana, III Sorong, III Tepa, III Tual, IV Saumlaki, III Manokwari, II-III Fak-fak, II-III Dobo, II Nabire, II-III Dogiyai, II-III Deiyai, II Enarotali"
28 Okt 2025,21:40:18 WIB,6.81 LS,130.01 BT,6.8,185 km,Pusat gempa berada di Laut 183 km BaratLaut Tanimbar,"III Teluk Bintuni, III Sorong Selatan, III Raja Ampat, III Maybrat, III Kaimana, III Sorong, III Tepa, III Tual, IV Saumlaki, III Manokwari, II-III Fak-fak, II-III Dobo, II Nabire, II-III Dogiyai, II-III Deiyai, II Enarotali"
28 Okt 2025,21:40:18 WIB,6.81 LS,130.01 BT,6.8,185 km,Pusat gempa berada di Laut 183 km BaratLaut Tanimbar,"III Teluk Bintuni, III Sorong Selatan, III Raja Ampat, III Maybrat, III Kaimana, III Sorong, III Tepa, III Tual, IV Saumlaki, III Manokwari, II-III Fak-fak, II-III Dobo, II Nabire, II-III Dogiyai, II-III Deiyai, II Enarotali"
28 Okt 2025,21:40:18 WIB,6.81 LS,130.01 BT,6.8,185 km,Pusat gempa berada di Laut 183 km BaratLaut Tanimbar,"III Teluk Bintuni, III Sorong Selatan, III Raja Ampat, III Maybrat, III Kaimana, III Sorong, III Tepa, III Tual, IV Saumlaki, III Manokwari, II-III Fak-fak, II-III Dobo, II Nabire, II-III Dogiyai, II-III Deiyai, II Enarotali"
28 Okt 2025,21:40:18 WIB,6.81 LS,130.01 BT,6.8,185 km,Pusat gempa berada di Laut 183 km BaratLaut Tanimbar,"III Teluk Bintuni, III Sorong Selatan, III Raja Ampat, III Maybrat, III Kaimana, III Sorong, III Tepa, III Tual, IV Saumlaki, III Manokwari, II-III Fak-fak, II-III Dobo, II Nabire, II-III Dogiyai, II-III Deiyai, II Enarotali"
28 Okt 2025,21:40:18 WIB,6.81 LS,130.01 BT,6.8,185 km,Pusat gempa berada di Laut 183 km BaratLaut Tanimbar,"III Teluk Bintuni, III Sorong Selatan, III Raja Ampat, III Maybrat, III Kaimana, III Sorong, III Tepa, III Tual, IV Saumlaki, III Manokwari, II-III Fak-fak, II-III Dobo, II Nabire, II-III Dogiyai, II-III Deiyai, II Enarotali"
28 Okt 2025,21:40:18 WIB,6.81 LS,130.01 BT,6.8,185 km,Pusat gempa berada di Laut 183 km BaratLaut Tanimbar,"III Teluk Bintuni, III Sorong Selatan, III Raja Ampat, III Maybrat, III Kaimana, III Sorong, III Tepa, III Tual, IV Saumlaki, III Manokwari, II-III Fak-fak, II-III Dobo, II Nabire, II-III Dogiyai, II-III Deiyai, II Enarotali"
28 Okt 2025,21:40:18 WIB,6.81 LS,130.01 BT,6.8,185 km,Pusat gempa berada di Laut 183 km BaratLaut Tanimbar,"III Teluk Bintuni, III Sorong Selatan, III Raja Ampat, III Maybrat, III Kaimana, III Sorong, III Tepa, III Tual, IV Saumlaki, III Manokwari, II-III Fak-fak, II-III Dobo, II Nabire, II-III Dogiyai, II-III Deiyai, II Enarotali"
28 Okt 2025,21:40:18 WIB,6.81 LS,130.01 BT,6.8,185 km,Pusat gempa berada di Laut 183 km BaratLaut Tanimbar,"III Teluk Bintuni, III Sorong Selatan, III Raja Ampat, III Maybrat, III Kaimana, III Sorong, III Tepa, III Tual, IV Saumlaki, III Manokwari, II-III Fak-fak, II-III Dobo, II Nabire, II-III Dogiyai, II-III Deiyai, II Enarotali"
28 Okt 2025,21:40:18 WIB,6.81 LS,130.01 BT,6.8,185 km,Pusat gempa berada di Laut 183 km BaratLaut Tanimbar,"III Teluk Bintuni, III Sorong Selatan, III Raja Ampat, III Maybrat, III Kaimana, III Sorong, III Tepa, III Tual, IV Saumlaki, III Manokwari, II-III Fak-fak, II-III Dobo, II Nabire, II-III Dogiyai, II-III Deiyai, II Enarotali"
28 Okt 2025,21:40:18 WIB,6.81 LS,130.01 BT,6.8,185 km,Pusat gempa berada di Laut 183 km BaratLaut Tanimbar,"III Teluk Bintuni, III Sorong Selatan, III Raja Ampat, III Maybrat, III Kaimana, III Sorong, III Tepa, III Tual, IV Saumlaki, III Manokwari, II-III Fak-fak, II-III Dobo, II Nabire, II-III Dogiyai, II-III Deiyai, II Enarotali"
28 Okt 2025,21:40:18 WIB,6.81 LS,130.01 BT,6.8,185 km,Pusat gempa berada di Laut 183 km BaratLaut Tanimbar,"III Teluk Bintuni, III Sorong Selatan, III Raja Ampat, III Maybrat, III Kaimana, III Sorong, III Tepa, III Tual, IV Saumlaki, III Manokwari, II-III Fak-fak, II-III Dobo, II Nabire, II-III Dogiyai, II-III Deiyai, II Enarotali"
28 Okt 2025,21:40:18 WIB,6.81 LS,130.01 BT,6.8,185 km,Pusat gempa berada di Laut 183 km BaratLaut Tanimbar,"III Teluk Bintuni, III Sorong Selatan, III Raja Ampat, III Maybrat, III Kaimana, III Sorong, III Tepa, III Tual, IV Saumlaki, III Manokwari, II-III Fak-fak, II-III Dobo, II Nabire, II-III Dogiyai, II-III Deiyai, II Enarotali"
28 Okt 2025,21:40:18 WIB,6.81 LS,130.01 BT,6.8,185 km,Pusat gempa berada di Laut 183 km BaratLaut Tanimbar,"III Teluk Bintuni, III Sorong Selatan, III Raja Ampat, III Maybrat, III Kaimana, III Sorong, III Tepa, III Tual, IV Saumlaki, III Manokwari, II-III Fak-fak, II-III Dobo, II Nabire, II-III Dogiyai, II-III Deiyai, II Enarotali"
28 Okt 2025,21:40:18 WIB,6.81 LS,130.01 BT,6.8,185 km,Pusat gempa berada di Laut 183 km BaratLaut Tanimbar,"III Teluk Bintuni, III Sorong Selatan, III Raja Ampat, III Maybrat, III Kaimana, III Sorong, III Tepa, III Tual, IV Saumlaki, III Manokwari, II-III Fak-fak, II-III Dobo, II Nabire, II-III Dogiyai, II-III Deiyai, II Enarotali"
28 Okt 2025,21:40:18 WIB,6.81 LS,130.01 BT,6.8,185 km,Pusat gempa berada di Laut 183 km BaratLaut Tanimbar,"III Teluk Bintuni, III Sorong Selatan, III Raja Ampat, III Maybrat, III Kaimana, III Sorong, III Tepa, III Tual, IV Saumlaki, III Manokwari, II-III Fak-fak, II-III Dobo, II Nabire, II-III Dogiyai, II-III Deiyai, II Enarotali"
28 Okt 2025,21:40:18 WIB,6.81 LS,130.01 BT,6.8,185 km,Pusat gempa berada di Laut 183 km BaratLaut Tanimbar,"III Teluk Bintuni, III Sorong Selatan, III Raja Ampat, III Maybrat, III Kaimana, III Sorong, III Tepa, III Tual, IV Saumlaki, III Manokwari, II-III Fak-fak, II-III Dobo, II Nabire, II-III Dogiyai, II-III Deiyai, II Enarotali"
28 Okt 2025,21:40:18 WIB,6.81 LS,130.01 BT,6.8,185 km,Pusat gempa berada di Laut 183 km BaratLaut Tanimbar,"III Teluk Bintuni, III Sorong Selatan, III Raja Ampat, III Maybrat, III Kaimana, III Sorong, III Tepa, III Tual, IV Saumlaki, III Manokwari, II-III Fak-fak, II-III Dobo, II Nabire, II-III Dogiyai, II-III Deiyai, II Enarotali"
28 Okt 2025,21:40:18 WIB,6.81 LS,130.01 BT,6.8,185 km,Pusat gempa berada di Laut 183 km BaratLaut Tanimbar,"III Teluk Bintuni, III Sorong Selatan, III Raja Ampat, III Maybrat, III Kaimana, III Sorong, III Tepa, III Tual, IV Saumlaki, III Manokwari, II-III Fak-fak, II-III Dobo, II Nabire, II-III Dogiyai, II-III Deiyai, II Enarotali"
28 Okt 2025,21:40:18 WIB,6.81 LS,130.01 BT,6.8,185 km,Pusat gempa berada di Laut 183 km BaratLaut Tanimbar,"III Teluk Bintuni, III Sorong Selatan, III Raja Ampat, III Maybrat, III Kaimana, III Sorong, III Tepa, III Tual, IV Saumlaki, III Manokwari, II-III Fak-fak, II-III Dobo, II Nabire, II-III Dogiyai, II-III Deiyai, II Enarotali"
28 Okt 2025,21:40:18 WIB,6.81 LS,130.01 BT,6.8,185 km,Pusat gempa berada di Laut 183 km BaratLaut Tanimbar,"III Teluk Bintuni, III Sorong Selatan, III Raja Ampat, III Maybrat, III Kaimana, III Sorong, III Tepa, III Tual, IV Saumlaki, III Manokwari, II-III Fak-fak, II-III Dobo, II Nabire, II-III Dogiyai, II-III Deiyai, II Enarotali"
28 Okt 2025,21:40:18 WIB,6.81 LS,130.01 BT,6.8,185 km,Pusat gempa berada di Laut 183 km BaratLaut Tanimbar,"III Teluk Bintuni, III Sorong Selatan, III Raja Ampat, III Maybrat, III Kaimana, III Sorong, III Tepa, III Tual, IV Saumlaki, III Manokwari, II-III Fak-fak, II-III Dobo, II Nabire, II-III Dogiyai, II-III Deiyai, II Enarotali"
28 Okt 2025,21:40:18 WIB,6.81 LS,130.01 BT,6.8,185 km,Pusat gempa berada di Laut 183 km BaratLaut Tanimbar,"III Teluk Bintuni, III Sorong Selatan, III Raja Ampat, III Maybrat, III Kaimana, III Sorong, III Tepa, III Tual, IV Saumlaki, III Manokwari, II-III Fak-fak, II-III Dobo, II Nabire, II-III Dogiyai, II-III Deiyai, II Enarotali"
28 Okt 2025,21:40:18 WIB,6.81 LS,130.01 BT,6.8,185 km,Pusat gempa berada di Laut 183 km BaratLaut Tanimbar,"III Teluk Bintuni, III Sorong Selatan, III Raja Ampat, III Maybrat, III Kaimana, III Sorong, III Tepa, III Tual, IV Saumlaki, III Manokwari, II-III Fak-fak, II-III Dobo, II Nabire, II-III Dogiyai, II-III Deiyai, II Enarotali"
28 Okt 2025,21:40:18 WIB,6.81 LS,130.01 BT,6.8,185 km,Pusat gempa berada di Laut 183 km BaratLaut Tanimbar,"III Teluk Bintuni, III Sorong Selatan, III Raja Ampat, III Maybrat, III Kaimana, III Sorong, III Tepa, III Tual, IV Saumlaki, III Manokwari, II-III Fak-fak, II-III Dobo, II Nabire, II-III Dogiyai, II-III Deiyai, II Enarotali"
28 Okt 2025,21:40:18 WIB,6.81 LS,130.01 BT,6.8,185 km,Pusat gempa berada di Laut 183 km BaratLaut Tanimbar,"III Teluk Bintuni, III Sorong Selatan, III Raja Ampat, III Maybrat, III Kaimana, III Sorong, III Tepa, III Tual, IV Saumlaki, III Manokwari, II-III Fak-fak, II-III Dobo, II Nabire, II-III Dogiyai, II-III Deiyai, II Enarotali"
28 Okt 2025,21:40:18 WIB,6.81 LS,130.01 BT,6.8,185 km,Pusat gempa berada di Laut 183 km BaratLaut Tanimbar,"III Teluk Bintuni, III Sorong Selatan, III Raja Ampat, III Maybrat, III Kaimana, III Sorong, III Tepa, III Tual, IV Saumlaki, III Manokwari, II-III Fak-fak, II-III Dobo, II Nabire, II-III Dogiyai, II-III Deiyai, II Enarotali"
28 Okt 2025,21:40:18 WIB,6.81 LS,130.01 BT,6.8,185 km,Pusat gempa berada di Laut 183 km BaratLaut Tanimbar,"III Teluk Bintuni, III Sorong Selatan, III Raja Ampat, III Maybrat, III Kaimana, III Sorong, III Tepa, III Tual, IV Saumlaki, III Manokwari, II-III Fak-fak, II-III Dobo, II Nabire, II-III Dogiyai, II-III Deiyai, II Enarotali"
28 Okt 2025,21:40:18 WIB,6.81 LS,130.01 BT,6.8,185 km,Pusat gempa berada di Laut 183 km BaratLaut Tanimbar,"III Teluk Bintuni, III Sorong Selatan, III Raja Ampat, III Maybrat, III Kaimana, III Sorong, III Tepa, III Tual, IV Saumlaki, III Manokwari, II-III Fak-fak, II-III Dobo, II Nabire, II-III Dogiyai, II-III Deiyai, II Enarotali"
28 Okt 2025,21:40:18 WIB,6.81 LS,130.01 BT,6.8,185 km,Pusat gempa berada di Laut 183 km BaratLaut Tanimbar,"III Teluk Bintuni, III Sorong Selatan, III Raja Ampat, III Maybrat, III Kaimana, III Sorong, III Tepa, III Tual, IV Saumlaki, III Manokwari, II-III Fak-fak, II-III Dobo, II Nabire, II-III Dogiyai, II-III Deiyai, II Enarotali"
28 Okt 2025,21:40:18 WIB,6.81 LS,130.01 BT,6.8,185 km,Pusat gempa berada di Laut 183 km BaratLaut Tanimbar,"III Teluk Bintuni, III Sorong Selatan, III Raja Ampat, III Maybrat, III Kaimana, III Sorong, III Tepa, III Tual, IV Saumlaki, III Manokwari, II-III Fak-fak, II-III Dobo, II Nabire, II-III Dogiyai, II-III Deiyai, II Enarotali"
28 Okt 2025,21:40:18 WIB,6.81 LS,130.01 BT,6.8,185 km,Pusat gempa berada di Laut 183 km BaratLaut Tanimbar,"III Teluk Bintuni, III Sorong Selatan, III Raja Ampat, III Maybrat, III Kaimana, III Sorong, III Tepa, III Tual, IV Saumlaki, III Manokwari, II-III Fak-fak, II-III Dobo, II Nabire, II-III Dogiyai, II-III Deiyai, II Enarotali"
30 Okt 2025,10:38:59 WIB,3.14 LS,128.25 BT,3.3,5 km,Pusat gempa berada di 10 km barat laut Kairatu Barat,III-IV Piru
30 Okt 2025,10:38:59 WIB,3.14 LS,128.25 BT,3.3,5 km,Pusat gempa berada di 10 km barat laut Kairatu Barat,III-IV Piru
30 Okt 2025,10:38:59 WIB,3.14 LS,128.25 BT,3.3,5 km,Pusat gempa berada di 10 km barat laut Kairatu Barat,III-IV Piru
30 Okt 2025,10:38:59 WIB,3.14 LS,128.25 BT,3.3,5 km,Pusat gempa berada di 10 km barat laut Kairatu Barat,III-IV Piru
30 Okt 2025,10:38:59 WIB,3.14 LS,128.25 BT,3.3,5 km,Pusat gempa berada di 10 km barat laut Kairatu Barat,III-IV Piru
30 Okt 2025,10:38:59 WIB,3.14 LS,128.25 BT,3.3,5 km,Pusat gempa berada di 10 km barat laut Kairatu Barat,III-IV Piru
30 Okt 2025,10:38:59 WIB,3.14 LS,128.25 BT,3.3,5 km,Pusat gempa berada di 10 km barat laut Kairatu Barat,III-IV Piru
30 Okt 2025,10:38:59 WIB,3.14 LS,128.25 BT,3.3,5 km,Pusat gempa berada di 10 km barat laut Kairatu Barat,III-IV Piru
30 Okt 2025,15:04:02 WIB,2.68 LS,139.44 BT,5.3,52 km,Pusat gempa berada di darat 107 km barat daya Jayapura,"II Genyem, II-III Sentani"
30 Okt 2025,15:04:02 WIB,2.68 LS,139.44 BT,5.3,52 km,Pusat gempa berada di darat 107 km barat daya Jayapura,"II Genyem, II-III Sentani"
30 Okt 2025,15:04:02 WIB,2.68 LS,139.44 BT,5.3,52 km,Pusat gempa berada di darat 107 km barat daya Jayapura,"II Genyem, II-III Sentani"
30 Okt 2025,15:04:02 WIB,2.68 LS,139.44 BT,5.3,52 km,Pusat gempa berada di darat 107 km barat daya Jayapura,"II Genyem, II-III Sentani"
30 Okt 2025,15:04:02 WIB,2.68 LS,139.44 BT,5.3,52 km,Pusat gempa berada di darat 107 km barat daya Jayapura,"II Genyem, II-III Sentani"
30 Okt 2025,15:04:02 WIB,2.68 LS,139.44 BT,5.3,52 km,Pusat gempa berada di darat 107 km barat daya Jayapura,"II Genyem, II-III Sentani"
30 Okt 2025,15:04:02 WIB,2.68 LS,139.44 BT,5.3,52 km,Pusat gempa berada di darat 107 km barat daya Jayapura,"II Genyem, II-III Sentani"
30 Okt 2025,15:04:02 WIB,2.68 LS,139.44 BT,5.3,52 km,Pusat gempa berada di darat 107 km barat daya Jayapura,"II Genyem, II-III Sentani"
30 Okt 2025,15:04:02 WIB,2.68 LS,139.44 BT,5.3,52 km,Pusat gempa berada di darat 107 km barat daya Jayapura,"II Genyem, II-III Sentani"
30 Okt 2025,15:04:02 WIB,2.68 LS,139.44 BT,5.3,52 km,Pusat gempa berada di darat 107 km barat daya Jayapura,"II Genyem, II-III Sentani"
30 Okt 2025,19:08:04 WIB,6.69 LS,105.20 BT,4.0,21 km,Pusat gempa berada di laut 41 km barat daya Sumur,II Sumur
30 Okt 2025,19:08:04 WIB,6.69 LS,105.20 BT,4.0,21 km,Pusat gempa berada di laut 41 km barat daya Sumur,II Sumur
30 Okt 2025,19:08:04 WIB,6.69 LS,105.20 BT,4.0,21 km,Pusat gempa berada di laut 41 km barat daya Sumur,II Sumur
30 Okt 2025,19:08:04 WIB,6.69 LS,105.20 BT,4.0,21 km,Pusat gempa berada di laut 41 km barat daya Sumur,II Sumur
30 Okt 2025,19:08:04 WIB,6.69 LS,105.20 BT,4.0,21 km,Pusat gempa berada di laut 41 km barat daya Sumur,II Sumur
30 Okt 2025,19:08:04 WIB,6.69 LS,105.20 BT,4.0,21 km,Pusat gempa berada di laut 41 km barat daya Sumur,II Sumur
30 Okt 2025,19:08:04 WIB,6.69 LS,105.20 BT,4.0,21 km,Pusat gempa berada di laut 41 km barat daya Sumur,II Sumur
30 Okt 2025,19:08:04 WIB,6.69 LS,105.20 BT,4.0,21 km,Pusat gempa berada di laut 41 km barat daya Sumur,II Sumur
30 Okt 2025,19:08:04 WIB,6.69 LS,105.20 BT,4.0,21 km,Pusat gempa berada di laut 41 km barat daya Sumur,II Sumur
30 Okt 2025,19:08:04 WIB,6.69 LS,105.20 BT,4.0,21 km,Pusat gempa berada di laut 41 km barat daya Sumur,II Sumur
30 Okt 2025,19:08:04 WIB,6.69 LS,105.20 BT,4.0,21 km,Pusat gempa berada di laut 41 km barat daya Sumur,II Sumur
30 Okt 2025,19:08:04 WIB,6.69 LS,105.20 BT,4.0,21 km,Pusat gempa berada di laut 41 km barat daya Sumur,II Sumur
30 Okt 2025,19:08:04 WIB,6.69 LS,105.20 BT,4.0,21 km,Pusat gempa berada di laut 41 km barat daya Sumur,II Sumur
30 Okt 2025,19:08:04 WIB,6.69 LS,105.20 BT,4.0,21 km,Pusat gempa berada di laut 41 km barat daya Sumur,II Sumur
30 Okt 2025,19:08:04 WIB,6.69 LS,105.20 BT,4.0,21 km,Pusat gempa berada di laut 41 km barat daya Sumur,II Sumur
30 Okt 2025,19:08:04 WIB,6.69 LS,105.20 BT,4.0,21 km,Pusat gempa berada di laut 41 km barat daya Sumur,II Sumur
30 Okt 2025,19:08:04 WIB,6.69 LS,105.20 BT,4.0,21 km,Pusat gempa berada di laut 41 km barat daya Sumur,II Sumur
30 Okt 2025,19:08:04 WIB,6.69 LS,105.20 BT,4.0,21 km,Pusat gempa berada di laut 41 km barat daya Sumur,II Sumur
30 Okt 2025,19:08:04 WIB,6.69 LS,105.20 BT,4.0,21 km,Pusat gempa berada di laut 41 km barat daya Sumur,II Sumur
30 Okt 2025,19:08:04 WIB,6.69 LS,105.20 BT,4.0,21 km,Pusat gempa berada di laut 41 km barat daya Sumur,II Sumur
30 Okt 2025,19:08:04 WIB,6.69 LS,105.20 BT,4.0,21 km,Pusat gempa berada di laut 41 km barat daya Sumur,II Sumur
30 Okt 2025,19:08:04 WIB,6.69 LS,105.20 BT,4.0,21 km,Pusat gempa berada di laut 41 km barat daya Sumur,II Sumur
30 Okt 2025,19:08:04 WIB,6.69 LS,105.20 BT,4.0,21 km,Pusat gempa berada di laut 41 km barat daya Sumur,II Sumur
30 Okt 2025,19:08:04 WIB,6.69 LS,105.20 BT,4.0,21 km,Pusat gempa berada di laut 41 km barat daya Sumur,II Sumur
30 Okt 2025,19:08:04 WIB,6.69 LS,105.20 BT,4.0,21 km,Pusat gempa berada di laut 41 km barat daya Sumur,II Sumur
30 Okt 2025,19:08:04 WIB,6.69 LS,105.20 BT,4.0,21 km,Pusat gempa berada di laut 41 km barat daya Sumur,II Sumur
30 Okt 2025,19:08:04 WIB,6.69 LS,105.20 BT,4.0,21 km,Pusat gempa berada di laut 41 km barat daya Sumur,II Sumur
30 Okt 2025,19:08:04 WIB,6.69 LS,105.20 BT,4.0,21 km,Pusat gempa berada di laut 41 km barat daya Sumur,II Sumur
30 Okt 2025,19:08:04 WIB,6.69 LS,105.20 BT,4.0,21 km,Pusat gempa berada di laut 41 km barat daya Sumur,II Sumur
30 Okt 2025,19:08:04 WIB,6.69 LS,105.20 BT,4.0,21 km,Pusat gempa berada di laut 41 km barat daya Sumur,II Sumur
30 Okt 2025,19:08:04 WIB,6.69 LS,105.20 BT,4.0,21 km,Pusat gempa berada di laut 41 km barat daya Sumur,II Sumur
30 Okt 2025,19:08:04 WIB,6.69 LS,105.20 BT,4.0,21 km,Pusat gempa berada di laut 41 km barat daya Sumur,II Sumur
30 Okt 2025,19:08:04 WIB,6.69 LS,105.20 BT,4.0,21 km,Pusat gempa berada di laut 41 km barat daya Sumur,II Sumur
30 Okt 2025,19:08:04 WIB,6.69 LS,105.20 BT,4.0,21 km,Pusat gempa berada di laut 41 km barat daya Sumur,II Sumur
30 Okt 2025,19:08:04 WIB,6.69 LS,105.20 BT,4.0,21 km,Pusat gempa berada di laut 41 km barat daya Sumur,II Sumur
30 Okt 2025,19:08:04 WIB,6.69 LS,105.20 BT,4.0,21 km,Pusat gempa berada di laut 41 km barat daya Sumur,II Sumur
30 Okt 2025,19:08:04 WIB,6.69 LS,105.20 BT,4.0,21 km,Pusat gempa berada di laut 41 km barat daya Sumur,II Sumur
30 Okt 2025,19:08:04 WIB,6.69 LS,105.20 BT,4.0,21 km,Pusat gempa berada di laut 41 km barat daya Sumur,II Sumur
30 Okt 2025,19:08:04 WIB,6.69 LS,105.20 BT,4.0,21 km,Pusat gempa berada di laut 41 km barat daya Sumur,II Sumur
30 Okt 2025,19:08:04 WIB,6.69 LS,105.20 BT,4.0,21 km,Pusat gempa berada di laut 41 km barat daya Sumur,II Sumur
30 Okt 2025,19:08:04 WIB,6.69 LS,105.20 BT,4.0,21 km,Pusat gempa berada di laut 41 km barat daya Sumur,II Sumur
30 Okt 2025,19:08:04 WIB,6.69 LS,105.20 BT,4.0,21 km,Pusat gempa berada di laut 41 km barat daya Sumur,II Sumur
30 Okt 2025,19:08:04 WIB,6.69 LS,105.20 BT,4.0,21 km,Pusat gempa berada di laut 41 km barat daya Sumur,II Sumur
30 Okt 2025,19:08:04 WIB,6.69 LS,105.20 BT,4.0,21 km,Pusat gempa berada di laut 41 km barat daya Sumur,II Sumur
30 Okt 2025,19:08:04 WIB,6.69 LS,105.20 BT,4.0,21 km,Pusat gempa berada di laut 41 km barat daya Sumur,II Sumur
30 Okt 2025,19:08:04 WIB,6.69 LS,105.20 BT,4.0,21 km,Pusat gempa berada di laut 41 km barat daya Sumur,II Sumur
31 Okt 2025,15:51:22 WIB,7.11 LS,109.92 BT,3.4,10 km,Pusat gempa berada di darat 28 km timur laut Wonosobo,"II Dieng, II Batang"
31 Okt 2025,15:51:22 WIB,7.11 LS,109.92 BT,3.4,10 km,Pusat gempa berada di darat 28 km timur laut Wonosobo,"II Dieng, II Batang"
31 Okt 2025,15:51:22 WIB,7.11 LS,109.92 BT,3.4,10 km,Pusat gempa berada di darat 28 km timur laut Wonosobo,"II Dieng, II Batang"
31 Okt 2025,16:54:07 WIB,2.70 LU,117.70 BT,4.0,5 km,Pusat gempa berada di darat 73 km tenggara Tarakan,I-II Tanjung Selor
31 Okt 2025,16:54:07 WIB,2.70 LU,117.70 BT,4.0,5 km,Pusat gempa berada di darat 73 km tenggara Tarakan,II-III Tanjung Selor
31 Okt 2025,16:54:07 WIB,2.70 LU,117.70 BT,4.0,5 km,Pusat gempa berada di darat 73 km tenggara Tarakan,II-III Tanjung Selor
31 Okt 2025,16:54:07 WIB,2.70 LU,117.70 BT,4.0,5 km,Pusat gempa berada di darat 73 km tenggara Tarakan,II-III Tanjung Selor
31 Okt 2025,16:54:07 WIB,2.70 LU,117.70 BT,4.0,5 km,Pusat gempa berada di darat 73 km tenggara Tarakan,II-III Tanjung Selor
31 Okt 2025,16:54:07 WIB,2.70 LU,117.70 BT,4.0,5 km,Pusat gempa berada di darat 73 km tenggara Tarakan,II-III Tanjung Selor
31 Okt 2025,16:54:07 WIB,2.70 LU,117.70 BT,4.0,5 km,Pusat gempa berada di darat 73 km tenggara Tarakan,II-III Tanjung Selor
31 Okt 2025,16:54:07 WIB,2.70 LU,117.70 BT,4.0,5 km,Pusat gempa berada di darat 73 km tenggara Tarakan,II-III Tanjung Selor
31 Okt 2025,16:54:07 WIB,2.70 LU,117.70 BT,4.0,5 km,Pusat gempa berada di darat 73 km tenggara Tarakan,II-III Tanjung Selor
31 Okt 2025,16:54:07 WIB,2.70 LU,117.70 BT,4.0,5 km,Pusat gempa berada di darat 73 km tenggara Tarakan,II-III Tanjung Selor
31 Okt 2025,16:54:07 WIB,2.70 LU,117.70 BT,4.0,5 km,Pusat gempa berada di darat 73 km tenggara Tarakan,II-III Tanjung Selor
31 Okt 2025,16:54:07 WIB,2.70 LU,117.70 BT,4.0,5 km,Pusat gempa berada di darat 73 km tenggara Tarakan,II-III Tanjung Selor
31 Okt 2025,16:54:07 WIB,2.70 LU,117.70 BT,4.0,5 km,Pusat gempa berada di darat 73 km tenggara Tarakan,II-III Tanjung Selor
31 Okt 2025,16:54:07 WIB,2.70 LU,117.70 BT,4.0,5 km,Pusat gempa berada di darat 73 km tenggara Tarakan,II-III Tanjung Selor
31 Okt 2025,16:54:07 WIB,2.70 LU,117.70 BT,4.0,5 km,Pusat gempa berada di darat 73 km tenggara Tarakan,II-III Tanjung Selor
31 Okt 2025,16:54:07 WIB,2.70 LU,117.70 BT,4.0,5 km,Pusat gempa berada di darat 73 km tenggara Tarakan,II-III Tanjung Selor
31 Okt 2025,16:54:07 WIB,2.70 LU,117.70 BT,4.0,5 km,Pusat gempa berada di darat 73 km tenggara Tarakan,II-III Tanjung Selor
01 Nov 2025,00:02:21 WIB,6.11 LS,133.20 BT,5.1,55 km,71 km Tenggara MALUKUTENGGARA,-
01 Nov 2025,00:02:21 WIB,6.11 LS,133.20 BT,5.1,55 km,71 km Tenggara MALUKUTENGGARA,-
